Runs,,,,,,,,,,,,,,,,,,,,,,,,,,,,,,,,,,,,,,,,,,,,,,,,,,,,,,,,,,,,,,,,,,,,,,,,,,,,,,,,,,,,,,,,,,,,,,,,,,,
Table 1,,,,,,,,,,,,,,,,,,,,,,,,,,,,,,,,,,,,,,,,,,,,,,,,,,,,,,,,,,,,,,,,,,,,,,,,,,,,,,,,,,,,,,,,,,,,,,,,,,,
Activity ID,Activity Date,Formatted Date,Activity Name,Activity Type,Activity Description,Elapsed Time,Distance,Max Heart Rate,Relative Effort,Commute,Activity Private Note,Activity Gear,Filename,Athlete Weight,Bike Weight,Elapsed Time,Moving Time,Distance,Max Speed,Average Speed,Elevation Gain,Elevation Loss,Elevation Low,Elevation High,Max Grade,Average Grade,Average Positive Grade,Average Negative Grade,Max Cadence,Average Cadence,Max Heart Rate,Average Heart Rate,Max Watts,Average Watts,Calories,Max Temperature,Average Temperature,Relative Effort,Total Work,Number of Runs,Uphill Time,Downhill Time,Other Time,Perceived Exertion,Type,Start Time,Weighted Average Power,Power Count,Prefer Perceived Exertion,Perceived Relative Effort,Commute,Total Weight Lifted,From Upload,Grade Adjusted Distance,Weather Observation Time,Weather Condition,Weather Temperature,Apparent Temperature,Dewpoint,Humidity,Weather Pressure,Wind Speed,Wind Gust,Wind Bearing,Precipitation Intensity,Sunrise Time,Sunset Time,Moon Phase,Bike,Gear,Precipitation Probability,Precipitation Type,Cloud Cover,Weather Visibility,UV Index,Weather Ozone,Jump Count,Total Grit,Average Flow,Flagged,Average Elapsed Speed,Dirt Distance,Newly Explored Distance,Newly Explored Dirt Distance,Activity Count,Total Steps,Carbon Saved,Pool Length,Training Load,Intensity,Average Grade Adjusted Pace,Timer Time,Total Cycles,Recovery,With Pet,Competition,Long Run,For a Cause,Media
8486924267,"Feb 1, 2023, 10:59:24 AM",01/02/2023 10:59,Lunch Run,Run,,2648,4.82,,,FALSE,,HOKA Clifton 8 Blue Cliftons + 100km,activities/8486924267.gpx,,,2648.0,2325.0,4823.1,3.978,2.074,16.9,21.3,477.1,489.9,8.8,-0.1,,,,,,,,,,,,,,,,,,,,,,,0.0,,0.0,,1.0,4852.1,,,,,,,,,,,,,,,,19580500.0,,,,,,,,,,0.0,1.821,4260.3,,,,,,,,,,,,,,,,,
8503132155,"Feb 4, 2023, 12:06:25 PM",04/02/2023 12:06,Afternoon Run,Run,,1919,4.33,,,FALSE,,HOKA Clifton 8 Blue Cliftons + 100km,activities/8503132155.gpx,,,1919.0,1906.0,4336.6,6.652,2.275,15.3,33.2,455.1,473.9,7.7,-0.4,,,,,,,,,,,,,,,,,,,,,,,0.0,,0.0,,1.0,4361.8,,,,,,,,,,,,,,,,19580500.0,,,,,,,,,,0.0,2.26,1634.5,,,,,,,,,,,,,,,,,
8519630952,"Feb 7, 2023, 10:08:51 AM",07/02/2023 10:08,Lunch Run,Run,,2152,4.68,,,FALSE,,HOKA Clifton 8 Blue Cliftons + 100km,activities/8519630952.gpx,,,2152.0,2044.0,4689.0,5.517,2.294,17.7,13.0,477.1,485.7,9.8,0.1,,,,,,,,,,,,,,,,,,,,,,,0.0,,0.0,,1.0,4736.2,,,,,,,,,,,,,,,,19580500.0,,,,,,,,,,0.0,2.179,3981.3,,,,,,,,,,,,,,,,,
8530911707,"Feb 9, 2023, 9:35:03 AM",09/02/2023 09:35,Morning Run,Run,,1914,4.48,,,FALSE,,HOKA Clifton 8 Blue Cliftons + 100km,activities/8530911707.gpx,,,1914.0,1911.0,4485.6,4.228,2.347, ,11.4,480.3,484.8,6.3,0.0,,,,,,,,,,,,,,,,,,,,,,,0.0,,0.0,,1.0,4521.0,,,,,,,,,,,,,,,,19580500.0,,,,,,,,,,0.0,2.344,4272.8,,,,,,,,,,,,,,,,,
8536230406,"Feb 10, 2023, 9:28:03 AM",10/02/2023 09:28,Morning Run,Run,,2055,3.61,,,FALSE,,HOKA Clifton 8 Blue Cliftons + 100km,activities/8536230406.gpx,,,2055.0,1884.0,3613.2,3.78,1.918,64.8,53.7,481.5,536.0,14.8,0.3,,,,,,,,,,,,,,,,,,,,,,,0.0,,0.0,,1.0,3817.2,,,,,,,,,,,,,,,,19580500.0,,,,,,,,,,0.0,1.758,2909.3,,,,,,,,,,,,,,,,,
8552813049,"Feb 13, 2023, 7:55:16 AM",13/02/2023 07:55,Morning Run,Run,,1715,3.47,,,FALSE,,HOKA Clifton 8 Blue Cliftons + 100km,activities/8552813049.gpx,,,1715.0,1574.0,3476.3,4.738,2.209,10.7,8.8,479.2,484.8,6.3,0.0,,,,,,,,,,,,,,,,,,,,,,,0.0,,0.0,,1.0,3503.4,,,,,,,,,,,,,,,,19580500.0,,,,,,,,,,0.0,2.027,3227.1,,,,,,,,,,,,,,,,,
8591152656,"Feb 20, 2023, 7:02:22 AM",20/02/2023 07:02,Morning Run,Run,,1162,2.67,,,FALSE,,HOKA Clifton 8 Blue Cliftons + 100km,activities/8591152656.gpx,,,1162.0,1135.0,2675.3,4.202,2.357,10.5,6.7,479.8,484.8,9.5,0.2,,,,,,,,,,,,,,,,,,,,,,,0.0,,0.0,,1.0,2705.5,,,,,,,,,,,,,,,,19580500.0,,,,,,,,,,0.0,2.302,2420.4,,,,,,,,,,,,,,,,,
8618331936,"Feb 25, 2023, 9:41:57 AM",25/02/2023 09:41,Morning Run,Run,,1524,3.76,,,FALSE,,HOKA Clifton 8 Blue Cliftons + 100km,activities/8618331936.gpx,,,1524.0,1511.0,3765.1,4.882,2.492,13.4,10.9,481.5,485.8,8.5,0.0,,,,,,,,,,,,,,,,,,,,,,,0.0,,0.0,,1.0,3784.6,,,,,,,,,,,,,,,,19580500.0,,,,,,,,,,0.0,2.471,3325.2,,,,,,,,,,,,,,,,,
8634511050,"Feb 28, 2023, 6:57:33 AM",28/02/2023 06:57,Morning Run,Run,,1454,3.41,,,FALSE,,HOKA Clifton 8 Blue Cliftons + 100km,activities/8634511050.gpx,,,1454.0,1438.0,3413.6,4.318,2.374,10.0,8.5,479.0,484.8,7.6,0.1,,,,,,,,,,,,,,,,,,,,,,,0.0,,0.0,,1.0,3448.8,,,,,,,,,,,,,,,,19580500.0,,,,,,,,,,0.0,2.348,3216.3,,,,,,,,,,,,,,,,,
8673479916,"Mar 7, 2023, 6:27:14 AM",07/03/2023 06:27,Morning Run,Run,,1489,3.34,,,FALSE,,HOKA Clifton 8 Blue Cliftons + 100km,activities/8673479916.gpx,,,1489.0,1474.0,3345.0,5.404,2.269,10.2,7.8,478.7,484.8,12.1,0.1,,,,,,,,,,,,,,,,,,,,,,,0.0,,0.0,,1.0,3383.1,,,,,,,,,,,,,,,,19580500.0,,,,,,,,,,0.0,2.246,3162.5,,,,,,,,,,,,,,,,,
8694673306,"Mar 11, 2023, 9:08:38 AM",11/03/2023 09:08,Morning Run,Run,,1598,3.48,,,FALSE,,HOKA Clifton 8 Blue Cliftons + 100km,activities/8694673306.gpx,,,1598.0,1535.0,3483.7,8.282,2.27,12.9,8.6,477.0,484.8,16.8,0.1,,,,,,,,,,,,,,,,,,,,,,,0.0,,0.0,,1.0,3528.5,,,,,,,,,,,,,,,,19580500.0,,,,,,,,,,0.0,2.18,3259.9,,,,,,,,,,,,,,,,,
8706216942,"Mar 13, 2023, 7:53:40 AM",13/03/2023 07:53,Morning Run,Run,,1248,2.98,,,FALSE,,HOKA Clifton 8 Blue Cliftons + 100km,activities/8706216942.gpx,,,1248.0,1239.0,2979.1,4.588,2.404,13.6,6.0,476.8,484.8,21.4,0.2,,,,,,,,,,,,,,,,,,,,,,,0.0,,0.0,,1.0,3026.0,,,,,,,,,,,,,,,,19580500.0,,,,,,,,,,0.0,2.387,2764.9,,,,,,,,,,,,,,,,,
8750479026,"Mar 21, 2023, 7:12:17 AM",21/03/2023 07:12,Morning Run,Run,,669,1.63,,,FALSE,,HOKA Clifton 8 Blue Cliftons + 100km,activities/8750479026.gpx,,,669.0,659.0,1637.6,4.338,2.485,6.7,4.0,481.5,485.8,6.9,0.2,,,,,,,,,,,,,,,,,,,,,,,0.0,,0.0,,1.0,1653.9,,,,,,,,,,,,,,,,19580500.0,,,,,,,,,,0.0,2.448,1236.5,,,,,,,,,,,,,,,,,
8762211635,"Mar 23, 2023, 6:55:59 AM",23/03/2023 06:55,Morning Run,Run,,948,2.4,,,FALSE,,HOKA Clifton 8 Blue Cliftons + 100km,activities/8762211635.gpx,,,948.0,948.0,2403.7,4.83,2.536,5.4,5.9,481.5,484.8,5.8,0.0,,,,,,,,,,,,,,,,,,,,,,,0.0,,0.0,,1.0,2420.3,,,,,,,,,,,,,,,,19580500.0,,,,,,,,,,0.0,2.536,2311.2,,,,,,,,,,,,,,,,,
8806791895,"Mar 31, 2023, 7:08:50 AM",31/03/2023 07:08,Morning Run,Run,,1416,3.27,,,FALSE,,HOKA Clifton 8 Blue Cliftons + 100km,activities/8806791895.gpx,,,1416.0,1399.0,3275.4,4.2,2.341,10.9,5.9,477.9,484.8,9.8,0.1,,,,,,,,,,,,,,,,,,,,,,,0.0,,0.0,,1.0,3315.9,,,,,,,,,,,,,,,,19580500.0,,,,,,,,,,0.0,2.313,3062.3,,,,,,,,,,,,,,,,,
8823195746,"Apr 3, 2023, 6:26:56 AM",03/04/2023 06:26,Morning Run,Run,,1890,3.63,,,FALSE,,HOKA Clifton 8 Blue Cliftons + 100km,activities/8823195746.gpx,,,1890.0,1789.0,3636.9,4.834,2.033,10.4,13.4,477.1,484.8,10.0,0.0,,,,,,,,,,,,,,,,,,,,,,,0.0,,0.0,,1.0,3660.6,,,,,,,,,,,,,,,,19580500.0,,,,,,,,,,0.0,1.924,3219.8,,,,,,,,,,,,,,,,,
8906040275,"Apr 17, 2023, 10:35:45 AM",17/04/2023 10:35,Lunch Run,Run,,1938,3.94,,,FALSE,,HOKA Clifton 8 Blue Cliftons + 100km,activities/8906040275.gpx,,,1938.0,1879.0,3945.7,4.276,2.1,21.6,17.3,476.8,489.8,19.8,0.1,,,,,,,,,,,,,,,,,,,,,,,0.0,,0.0,,1.0,4012.2,,,,,,,,,,,,,,,,19580500.0,,,,,,,,,,0.0,2.036,3696.1,,,,,,,,,,,,,,,,,
8917385279,"Apr 19, 2023, 7:47:45 AM",19/04/2023 07:47,Morning Run,Run,,1966,2.99,,,FALSE,,HOKA Clifton 8 Blue Cliftons + 100km,activities/8917385279.gpx,,,1966.0,1744.0,2996.9,4.228,1.718,131.2,105.8,481.6,593.0,48.0,0.8,,,,,,,,,,,,,,,,,,,,,,,0.0,,0.0,,1.0,3663.5,,,,,,,,,,,,,,,,19580500.0,,,,,,,,,,0.0,1.524,1745.7,,,,,,,,,,,,,,,,,
9074209207,"May 15, 2023, 8:03:39 AM",15/05/2023 08:03,Morning Run,Run,,1449,3.33,,,FALSE,,HOKA Clifton 8 Blue Cliftons + 100km,activities/9074209207.gpx,,,1449.0,1392.0,3338.3,3.916,2.398,9.4,8.5,479.9,484.8,14.1,0.1,,,,,,,,,,,,,,,,,,,,,,,0.0,,0.0,,1.0,3368.8,,,,,,,,,,,,,,,,19580500.0,,,,,,,,,,0.0,2.304,3169.9,,,,,,,,,,,,,,,,,
9085882530,"May 17, 2023, 5:28:07 AM",17/05/2023 05:28,Morning Run,Run,,898,2.12,,,FALSE,,HOKA Clifton 8 Blue Cliftons + 100km,activities/9085882530.gpx,,,898.0,894.0,2124.3,4.108,2.376,6.4,2.9,480.1,484.8,9.2,0.1,,,,,,,,,,,,,,,,,,,,,,,0.0,,0.0,,1.0,2148.4,,,,,,,,,,,,,,,,19580500.0,,,,,,,,,,0.0,2.366,1973.4,,,,,,,,,,,,,,,,,
10361968545,"Dec 11, 2023, 7:20:32 AM",11/12/2023 07:20,Morning Run,Run,,1047,2.02,,,FALSE,Haven't gone in a while. Quick one to grt sweating and slowly back into the habit ,HOKA Clifton 8 Blue Cliftons + 100km,activities/10361968545.gpx,,,1047.0,931.0,2024.8,6.058,2.175,8.3,11.4,475.2,482.6,11.1,-0.3,,,,,,,,,,,,,,,,,,5.0,,,,,0.0,16.0,0.0,,1.0,2054.0,,,,,,,,,,,,,,,,19580500.0,,,,,,,,,,0.0,1.934,0.0,,,,,,,,,,,,,,,,,
10450413909,"Dec 28, 2023, 12:40:40 PM",28/12/2023 12:40,Afternoon Run,Run,,2885,5.7,,,FALSE,Shouldn't have eaten ribel before,HOKA Clifton 8 Blue Cliftons + 100km,activities/10450413909.gpx,,,2885.0,2789.0,5704.5,3.726,2.045,15.0,24.1,449.3,464.1,45.5,-0.2,,,,,,,,,,,,,,,,,,,,,,,0.0,,0.0,,1.0,5753.2,,,,,,,,,,,,,,,,19580500.0,,,,,,,,,,0.0,1.977,4478.7,,,,,,,,,,,,,,,,,
10462994576,"Dec 30, 2023, 3:28:19 PM",30/12/2023 15:28,Afternoon Run,Run,,2322,5.49,,,FALSE,Amazing finish runners high after ~4.5km,HOKA Clifton 8 Blue Cliftons + 100km,activities/10462994576.gpx,,,2322.0,2275.0,5498.7,4.234,2.417,14.8,19.1,449.4,461.6,39.7,-0.1,,,,,,,,,,,,,,,,,,,,,,,0.0,,0.0,,1.0,5556.8,,,,,,,,,,,,,,,,19580500.0,,,,,,,,,,0.0,2.368,4412.1,,,,,,,,,,,,,,,,,
10733609176,"Feb 10, 2024, 12:51:07 PM",10/02/2024 12:51,Afternoon Run,Run,,1850,3.88,,,FALSE,,HOKA Clifton 8 Blue Cliftons + 100km,activities/10733609176.gpx,,,1850.0,1813.0,3882.7,4.642,2.142,16.3,11.4,476.9,484.6,7.8,0.1,,,,,,,,,,,,,,,,,,,,,,,0.0,,0.0,,1.0,3927.1,,,,,,,,,,,,,,,,19580500.0,,,,,,,,,,0.0,2.099,3715.6,,,,,,,,,,,,,,,,,
12440072124,"Sep 18, 2024, 9:12:30 AM",18/09/2024 09:12,Lunch run käfer,Run,,2753,6,,,FALSE,,HOKA Clifton 8 Blue Cliftons + 100km,activities/12440072124.gpx,,,2753.0,2687.0,6006.8,5.124,2.235,85.8,85.8,451.1,530.8,23.0,0.0,,,,,,,,,,,,,,,,,,7.0,,,,,0.0,85.0,0.0,,1.0,6285.9,1726649984.0,2.0,13.4,13.6,8.9,0.74,1020.3,2.4,5.3,66.0,0.0,1726636032.0,1726680704.0,0.5,,19580500.0,0.0,1.0,0.45,28927.0,3.0,,,,,0.0,2.182,1651.1,,,,,,,,,2.339,,,,,,,,
12464647288,"Sep 21, 2024, 8:03:20 AM",21/09/2024 08:03,Morning Run,Run,First garmin run,4027,7.27,,,FALSE,,HOKA Clifton 8 Blue Cliftons + 100km,activities/13289570882.fit.gz,,,4027.0,3956.0,7276.6,3.205,1.839,93.3,307.0,451.0,530.8,19.9,0.0,,,114.0,70.0,,,,,758.0,,,,,,,,,,,,,,0.0,,0.0,,1.0,7573.9,1726905600.0,1.0,13.8,17.1,11.1,0.84,1021.2,0.4,1.8,15.0,0.0,1726895488.0,1726939520.0,0.625,,19580500.0,0.0,1.0,0.18,20716.0,2.0,,,,,0.0,1.807,2993.1,,,,9342.0,,,,,1.915,,,,,,,,
12473516721,"Sep 22, 2024, 8:32:53 AM",22/09/2024 08:32,Morning Run,Run,,3039,5.7,168.0,58,FALSE,,HOKA Clifton 8 Blue Cliftons + 100km,activities/13299089862.fit.gz,,,3039.0,3020.0,5707.2,3.312,1.89,124.8,262.0,463.3,568.9,9.6,0.1,,,84.0,71.0,168.0,147.0,,,487.0,,,58.0,,,,,,,,,,,,,0.0,,1.0,6048.4,1726992000.0,3.0,13.7,14.4,10.4,0.8,1017.5,0.3,1.8,356.0,0.0,1726982016.0,1727025792.0,0.625,,19580500.0,0.0,1.0,0.88,19177.0,2.0,,,,,0.0,1.878,4022.7,,,,7244.0,,,,,2.003,,,,,,,,
12493899530,"Sep 24, 2024, 4:02:24 PM",24/09/2024 16:02,Evening Run,Run,,4508,10.92,171.0,127,FALSE,,HOKA Clifton 8 Blue Cliftons + 100km,activities/13320842256.fit.gz,,,4508.0,4503.0,10926.3,3.596,2.426,32.4,161.0,452.1,468.9,22.0,0.1,,,80.0,75.0,171.0,156.0,,,836.0,,,127.0,,,,,,,,,,,,,0.0,,1.0,11013.2,1727193600.0,3.0,15.4,16.1,11.5,0.78,1010.7,0.7,2.3,356.0,0.5,1727154688.0,1727198080.0,0.625,,19580500.0,0.76,5.0,0.83,17765.0,0.0,,,,,0.0,2.424,2621.6,,,,11256.0,,,,,2.446,,,,,,,,
12509189057,"Sep 26, 2024, 2:31:31 PM",26/09/2024 14:31,Afternoon Run in the rain,Run,Jumped in puddles to make a big splash,2949,6.13,164.0,62,FALSE,,HOKA Clifton 8 Blue Cliftons + 100km,activities/13337119506.fit.gz,,,2949.0,2927.0,6138.9,3.315,2.097,13.4,192.0,476.7,484.3,4.7,-0.1,,,88.0,70.0,164.0,148.0,,,471.0,,,62.0,,,,,,,,,,,0.0,,0.0,,1.0,6155.9,1727359232.0,3.0,17.6,17.7,15.3,0.86,1001.6,1.2,2.6,260.0,1.1,1727327872.0,1727370880.0,0.875,,19580500.0,0.9,5.0,0.98,5018.0,2.0,,,,,0.0,2.082,5739.5,,,,6766.0,,,,,2.103,,,,,,,,
12534827222,"Sep 29, 2024, 4:22:07 PM",29/09/2024 16:22,Evening Run,Run,,3260,8.31,176.0,138,FALSE,,HOKA Clifton 8 Blue Cliftons + 100km,activities/13364465189.fit.gz,,,3260.0,3255.0,8315.6,3.46,2.555,25.6,172.0,476.4,484.3,9.2,0.1,,,81.0,75.0,176.0,166.0,,,641.0,,,138.0,,,,,,,,,,,,,0.0,,1.0,8377.9,1727625600.0,3.0,13.9,13.4,7.7,0.66,1022.0,1.6,3.8,56.0,0.0,1727587328.0,1727629696.0,0.875,,19580500.0,0.0,1.0,0.89,32900.0,0.0,,,,,0.0,2.551,8183.0,,,,8102.0,,,,,2.574,,,,,,,,
12574075371,"Oct 4, 2024, 4:30:19 PM",04/10/2024 16:30,Evening Run - HRM Test,Run,,2960,6.37,162.0,51,FALSE,,HOKA Clifton 8 Blue Cliftons + 100km,activities/13406477327.fit.gz,,,2960.0,2960.0,6372.2,4.137,2.153,88.7,195.0,474.1,539.9,9.0,0.0,,,88.0,72.0,162.0,143.0,,,496.0,,,51.0,,,,,,,,,,,0.0,,0.0,,1.0,6548.9,1728057600.0,3.0,10.8,9.7,7.8,0.82,1016.8,2.0,5.2,38.0,0.4,1728019712.0,1728061184.0,0.125,,19580500.0,0.87,5.0,0.95,10211.0,0.0,,,,,0.0,2.153,919.9,,,,7100.0,,,,,2.212,,,,,,,,
12582643078,"Oct 5, 2024, 4:20:36 PM",05/10/2024 16:20,Evening Run,Run,,3180,7.02,159.0,52,FALSE,,HOKA Clifton 8 Blue Cliftons + 100km,activities/13415661935.fit.gz,,,3180.0,3170.0,7023.9,3.133,2.216,37.0,199.0,451.0,480.6,6.0,0.0,,,84.0,72.0,159.0,144.0,,,506.0,,,52.0,,,,,,,,,,,,,0.0,,1.0,7061.1,1728144000.0,1.0,12.7,11.9,7.3,0.7,1014.7,2.8,6.7,53.0,0.0,1728106240.0,1728147456.0,0.125,,19580500.0,0.28,5.0,0.16,33006.0,0.0,,,,,0.0,2.209,0.0,,,,7626.0,,,,,2.227,,,,,,,,
12599512831,"Oct 7, 2024, 4:55:49 PM",07/10/2024 16:55,Evening Run,Run,,1827,4.2,159.0,40,FALSE,,HOKA Clifton 8 Blue Cliftons + 100km,activities/13432921925.fit.gz,,,1827.0,1827.0,4200.2,3.026,2.299,20.5,79.0,474.2,489.4,6.7,0.0,,,87.0,72.0,159.0,149.0,,,315.0,,,40.0,,,,,,,,,,,,,0.0,,1.0,4238.2,1728316800.0,3.0,18.0,18.5,14.3,0.79,1005.5,1.1,2.4,26.0,0.0,1728279168.0,1728320000.0,0.125,,19580500.0,0.46,5.0,0.9,31263.0,0.0,,,,,0.0,2.299,3628.3,,,,4388.0,,,,,2.32,,,,,,,,
12635245830,"Oct 12, 2024, 8:45:06 AM",12/10/2024 08:45,Morning Run,Run,Continuous zone 2. Bit of a hill but lovely view.,2703,6.24,156.0,50,FALSE,,HOKA Clifton 8 Blue Cliftons + 100km,activities/13471115891.fit.gz,,,2703.0,2703.0,6243.9,4.27,2.31,86.2,275.0,472.6,540.4,9.5,0.0,,,98.0,76.0,156.0,145.0,,,448.0,,,50.0,,,,,,,,,,,0.0,,0.0,,1.0,6427.0,1728720000.0,3.0,7.6,8.4,5.8,0.88,1016.6,0.6,2.2,33.0,0.0,1728711680.0,1728751360.0,0.375,,19580500.0,0.45,5.0,0.91,16753.0,1.0,,,,,0.0,2.31,740.5,,,,6828.0,,,,,2.378,,,,,,,,
12655670150,"Oct 14, 2024, 5:39:44 PM",14/10/2024 17:39,Evening Run,Run,,2289,5.08,159.0,46,FALSE,,HOKA Clifton 8 Blue Cliftons + 100km,activities/13493189818.fit.gz,,,2289.0,2284.0,5087.8,3.718,2.228,78.8,137.0,474.0,540.3,9.6,0.0,,,92.0,76.0,159.0,147.0,,,387.0,,,46.0,,,,,,,,,,,,,0.0,,1.0,5243.1,1728925184.0,2.0,15.6,15.3,12.6,0.82,1018.0,1.5,3.5,188.0,0.1,1728884608.0,1728924032.0,0.375,,19580500.0,0.32,5.0,0.41,28011.0,0.0,,,,,0.0,2.223,19.0,,,,5738.0,,,,,2.296,,,,,,,,
12717450432,"Oct 22, 2024, 2:09:14 PM",22/10/2024 14:09,Easy Run,Run,Keeping it slow and low. Tibialis will thank me later,1208,2.54,153.0,11,FALSE,,HOKA Clifton 8 Blue Cliftons + 100km,activities/13559476874.fit.gz,,,1208.0,1202.0,2546.1,3.594,2.118,48.3,64.0,473.5,520.0,20.4,1.5,,,80.0,73.0,153.0,137.0,,,190.0,,,11.0,,,,,,,,,,,0.0,,0.0,,1.0,2751.7,1729605632.0,2.0,18.5,19.3,13.8,0.74,1028.2,1.5,3.7,281.0,0.0,1729576448.0,1729614336.0,0.625,,19580500.0,0.59,5.0,0.61,24263.0,1.0,,,,,0.0,2.108,1402.5,,,,2932.0,,,,,2.289,,,,,,,,
12728388109,"Oct 23, 2024, 6:58:17 PM",23/10/2024 18:58,Evening Easy Run,Run,,1241,2.86,151.0,12,FALSE,,HOKA Clifton 8 Blue Cliftons + 100km,activities/13571149084.fit.gz,,,1241.0,1236.0,2866.2,3.726,2.319,18.1,116.0,466.8,485.2,4.3,0.0,,,81.0,76.0,151.0,138.0,,,204.0,,,12.0,,,,,,,,,,,0.0,,0.0,,1.0,2879.0,1729706368.0,3.0,11.8,11.2,9.4,0.85,1030.1,2.1,5.5,41.0,0.0,1729662976.0,1729700608.0,0.625,,19580500.0,0.69,5.0,0.94,24918.0,0.0,,,,,0.0,2.31,0.0,,,,3118.0,,,,,2.329,,,,,,,,
12736022078,"Oct 24, 2024, 5:57:21 PM",24/10/2024 17:57,Evening Run,Run,,1633,3.77,180.0,25,FALSE,,HOKA Clifton 8 Blue Cliftons + 100km,activities/13579322306.fit.gz,,,1633.0,1627.0,3769.8,4.667,2.317,8.6,89.0,459.7,478.0,10.8,-0.3,,,92.0,78.0,180.0,145.0,,,272.0,,,25.0,,,,,,,,,,,,,0.0,,1.0,3756.0,1729789184.0,1.0,14.3,14.0,10.5,0.78,1023.2,0.8,1.7,98.0,0.0,1729749504.0,1729786880.0,0.75,,19580500.0,0.0,1.0,0.12,32300.0,0.0,,,,,0.0,2.309,0.0,,,,4212.0,,,,,2.309,,,,,,,,
12747346844,"Oct 26, 2024, 9:41:36 AM",26/10/2024 09:41,Lunch Run,Run,,1515,3.53,152.0,19,FALSE,,HOKA Clifton 8 Blue Cliftons + 100km,activities/13591583668.fit.gz,,,1515.0,1513.0,3532.3,3.617,2.335,29.5,121.0,464.3,483.4,14.0,0.0,,,91.0,77.0,152.0,141.0,,,256.0,,,19.0,,,,,,,,,,,,,0.0,,1.0,3579.3,1729933184.0,3.0,11.4,11.5,9.5,0.88,1018.9,1.2,3.4,45.0,0.0,1729922432.0,1729959552.0,0.875,,19580500.0,0.35,5.0,0.85,8718.0,1.0,,,,,0.0,2.332,136.3,,,,3876.0,,,,,2.366,,,,,,,,
12772285495,"Oct 29, 2024, 10:58:08 AM",29/10/2024 10:58,Lunch Run,Run,,1596,3.69,166.0,28,FALSE,,HOKA Clifton 8 Blue Cliftons + 100km,activities/13618601563.fit.gz,,,1596.0,1581.0,3693.2,3.81,2.336,54.2,132.0,474.6,526.2,13.6,0.1,,,93.0,78.0,166.0,146.0,,,275.0,,,28.0,,,,,,,,,,,,,0.0,,1.0,3837.6,1730195968.0,3.0,12.6,13.6,10.0,0.84,1028.1,0.6,2.0,335.0,0.0,1730181888.0,1730218368.0,0.875,,19580500.0,0.5,5.0,0.77,11309.0,2.0,,,,,0.0,2.314,1977.9,,,,4088.0,,,,,2.427,,,,,,,,
12783990057,"Oct 30, 2024, 6:40:12 PM",30/10/2024 18:40,Evening Run,Run,,1518,3.62,155.0,18,FALSE,,HOKA Clifton 8 Blue Cliftons + 100km,activities/13631122825.fit.gz,,,1518.0,1513.0,3628.3,4.02,2.398,36.3,131.0,466.6,483.4,40.4,0.1,,,92.0,82.0,155.0,141.0,,,258.0,,,18.0,,,,,,,,,,,,,0.0,,1.0,3676.7,1730311168.0,2.0,11.9,11.8,9.8,0.87,1026.9,1.0,2.2,23.0,0.0,1730268416.0,1730304640.0,0.875,,19580500.0,0.07,5.0,0.43,23397.0,0.0,,,,,0.0,2.39,0.0,,,,4132.0,,,,,2.43,,,,,,,,
12804680521,"Nov 2, 2024, 12:35:35 PM",02/11/2024 12:35,Afternoon Run,Run,,1805,3.93,183.0,33,FALSE,,HOKA Clifton 8 Blue Cliftons + 100km,activities/13653421741.fit.gz,,,1805.0,1796.0,3938.2,5.94,2.193,84.8,115.0,472.2,556.4,18.9,1.4,,,111.0,79.0,183.0,148.0,,,308.0,,,33.0,,,,,,,,,,,,,0.0,,1.0,4263.2,1730548736.0,3.0,11.1,9.2,7.2,0.77,1026.6,2.9,6.7,45.0,0.0,1730527872.0,1730563584.0,0.0,,19580500.0,0.05,5.0,0.76,21403.0,2.0,,,,,0.0,2.182,2848.1,,,,4680.0,,,,,2.374,,,,,,,,
12811509857,"Nov 3, 2024, 10:16:02 AM",03/11/2024 10:16,Lunch Run,Run,,1812,4.27,151.0,22,FALSE,,HOKA Clifton 8 Blue Cliftons + 100km,activities/13660798175.fit.gz,,,1812.0,1808.0,4275.6,3.522,2.365,23.1,92.0,451.1,476.7,6.3,0.0,,,92.0,85.0,151.0,141.0,,,312.0,,,22.0,,,,,,,,,,,,,0.0,,1.0,4300.4,1730627968.0,3.0,9.8,10.1,6.5,0.8,1029.3,1.1,2.8,53.0,0.0,1730614400.0,1730649856.0,0.125,,19580500.0,0.0,1.0,0.82,29436.0,2.0,,,,,0.0,2.36,0.0,,,,5074.0,,,,,2.379,,,,,,,,
12826486524,"Nov 5, 2024, 7:31:59 AM",05/11/2024 07:31,Morning Run,Run,,1536,3.86,165.0,22,FALSE,,HOKA Clifton 8 Blue Cliftons + 100km,activities/13676883400.fit.gz,,,1536.0,1523.0,3859.3,4.329,2.534,34.9,142.0,466.6,483.4,9.7,-0.1,,,98.0,86.0,165.0,143.0,,,272.0,,,22.0,,,,,,,,,,,,,0.0,,1.0,3901.9,1730790016.0,3.0,6.4,8.0,5.6,0.95,1026.9,0.3,1.5,83.0,0.0,1730787328.0,1730822528.0,0.125,,19580500.0,0.0,1.0,0.73,7134.0,0.0,,,,,0.0,2.513,26.7,,,,4336.0,,,,,2.562,,,,,,,,
12839524625,"Nov 6, 2024, 7:18:04 PM",06/11/2024 19:18,Evening Run,Run,,1815,4.27,152.0,23,FALSE,,HOKA Clifton 8 Blue Cliftons + 100km,activities/13690837157.fit.gz,,,1815.0,1806.0,4277.3,3.3,2.368,40.7,144.0,466.6,483.2,10.1,0.1,,,96.0,85.0,152.0,142.0,,,311.0,,,23.0,,,,,,,,,,,,,0.0,,1.0,4341.3,1730919552.0,3.0,8.7,9.1,6.9,0.88,1029.5,0.9,2.2,41.0,0.0,1730873856.0,1730908800.0,0.125,,19580500.0,0.08,5.0,0.64,18619.0,0.0,,,,,0.0,2.357,63.3,,,,5104.0,,,,,2.404,,,,,,,,
12859431641,"Nov 9, 2024, 12:38:50 PM",09/11/2024 12:38,Afternoon Run,Run,,1826,4.45,154.0,28,FALSE,,ASICS Gel Cumulus 26,activities/13712234914.fit.gz,,,1826.0,1814.0,4457.4,3.967,2.457,28.6,116.0,462.2,485.2,8.6,0.0,,,99.0,85.0,154.0,143.0,,,317.0,,,28.0,,,,,,,,,,,0.0,,0.0,,1.0,4510.2,1731153664.0,3.0,10.8,11.4,5.9,0.72,1025.6,0.9,2.7,21.0,0.0,1731133312.0,1731167872.0,0.25,,20321120.0,0.14,5.0,0.76,28478.0,1.0,,,,,0.0,2.441,13.6,,,,5088.0,,,,,2.486,,,,,,,,
12871066725,"Nov 10, 2024, 7:38:21 PM",10/11/2024 19:38,Evening Run,Run,,1811,4.57,165.0,26,FALSE,,ASICS Gel Cumulus 26,activities/13724761682.fit.gz,,,1811.0,1803.0,4574.5,3.938,2.537,23.7,194.0,476.8,492.2,6.3,0.1,,,127.0,87.0,165.0,144.0,,,329.0,,,26.0,,,,,,,,,,,,,0.0,,1.0,4621.3,1731265152.0,3.0,6.5,7.0,4.7,0.88,1027.9,1.0,2.1,39.0,0.0,1731219840.0,1731254144.0,0.375,,20321120.0,0.09,5.0,0.71,12915.0,0.0,,,,,0.0,2.526,0.0,,,,5198.0,,,,,2.563,,,,,,,,
12882440052,"Nov 12, 2024, 10:41:16 AM",12/11/2024 10:41,Lunch Run,Run,,1867,4.71,181.0,49,FALSE,,ASICS Gel Cumulus 26,activities/13737017378.fit.gz,,,1867.0,1867.0,4714.1,4.16,2.525,32.9,140.0,476.9,491.4,9.4,0.0,,,95.0,83.0,181.0,154.0,,,347.0,,,49.0,,,,,,,,,,,,,0.0,,1.0,4775.2,1731405568.0,3.0,6.6,1.9,4.2,0.85,1025.2,4.3,9.9,59.0,0.0,1731392768.0,1731426816.0,0.375,,20321120.0,0.57,5.0,0.89,28426.0,1.0,,,,,0.0,2.525,147.7,,,,5118.0,,,,,2.558,,,,,,,,
12894091010,"Nov 13, 2024, 7:15:33 PM",13/11/2024 19:15,Evening Run,Run,,2147,5.27,157.0,33,FALSE,,ASICS Gel Cumulus 26,activities/13749476542.fit.gz,,,2147.0,2106.0,5276.1,3.963,2.505,29.1,136.0,474.2,491.4,6.2,0.1,,,101.0,85.0,157.0,144.0,,,382.0,,,33.0,,,,,,,,,,,,,0.0,,1.0,5325.1,1731524352.0,3.0,4.1,4.1,1.3,0.82,1030.5,1.6,4.2,41.0,0.0,1731479296.0,1731513088.0,0.375,,20321120.0,0.19,5.0,0.98,26305.0,0.0,,,,,0.0,2.457,159.1,,,,5970.0,,,,,2.529,,,,,,,,
12899665356,"Nov 14, 2024, 2:44:34 PM",14/11/2024 14:44,Afternoon Run,Run,,2133,5.2,154.0,40,FALSE,,HOKA Clifton 8 Blue Cliftons + 100km,activities/13755483326.fit.gz,,,2133.0,2106.0,5204.4,3.683,2.471,30.2,149.0,474.5,492.0,5.9,0.1,,,91.0,84.0,154.0,146.0,,,382.0,,,40.0,,,,,,,,,,,0.0,,0.0,,1.0,5243.7,1731592832.0,3.0,6.8,7.0,2.0,0.71,1028.1,1.4,2.7,36.0,0.0,1731565824.0,1731599488.0,0.375,,19580500.0,0.0,1.0,0.74,29822.0,0.0,,,,,0.0,2.44,1268.4,,,,5900.0,,,,,2.49,,,,,,,,
12907479103,"Nov 15, 2024, 4:07:30 PM",15/11/2024 16:07,Afternoon Run,Run,,2168,4.69,184.0,44,FALSE,,ASICS Gel Cumulus 26,activities/13763877177.fit.gz,,,2168.0,2110.0,4695.1,6.38,2.225,81.9,162.0,473.9,526.5,15.9,0.0,,,112.0,76.0,184.0,149.0,,,380.0,,,44.0,,,,,,,,,,,,,0.0,,1.0,4914.4,1731686400.0,2.0,7.1,7.4,3.0,0.75,1025.7,0.8,2.9,57.0,0.0,1731652224.0,1731685760.0,0.375,,20321120.0,0.08,5.0,0.48,24041.0,0.0,,,,,0.0,2.166,28.6,,,,5252.0,,,,,2.329,,,,,,,,
12915744750,"Nov 16, 2024, 5:04:09 PM",16/11/2024 17:04,Evening Run,Run,,1807,3.79,141.0,8,FALSE,,HOKA Clifton 8 Blue Cliftons + 100km,activities/13772767171.fit.gz,,,1807.0,1802.0,3798.9,4.767,2.108,22.9,134.0,473.5,485.2,9.0,0.0,,,91.0,84.0,141.0,133.0,,,266.0,,,8.0,,,,,,,,,,,0.0,,0.0,,1.0,3828.0,1731776384.0,1.0,6.6,6.2,2.9,0.77,1019.7,1.0,1.1,194.0,0.0,1731738752.0,1731772160.0,0.5,,19580500.0,0.03,6.0,0.06,23712.0,0.0,,,,,0.0,2.102,1715.2,,,,5040.0,,,,,2.124,,,,,,,,
12918907235,"Nov 17, 2024, 7:07:29 AM",17/11/2024 07:07,Morning Run,Run,,2110,5.68,165.0,37,FALSE,,ASICS Gel Cumulus 26,activities/13776225841.fit.gz,,,2110.0,2107.0,5686.0,4.05,2.699,21.5,174.0,474.7,492.1,5.9,0.0,,,94.0,86.0,165.0,147.0,,,404.0,,,37.0,,,,,,,,,,,,,0.0,,1.0,5710.3,1731826816.0,2.0,1.1,1.6,0.2,0.94,1018.5,1.2,1.5,216.0,0.0,1731825280.0,1731858432.0,0.625,,20321120.0,0.43,5.0,0.49,8321.0,0.0,,,,,0.0,2.695,6.5,,,,6052.0,,,,,2.71,,,,,,,,
12937504582,"Nov 19, 2024, 3:57:08 PM",19/11/2024 15:57,Afternoon Run,Run,,1885,4.67,183.0,43,FALSE,,ASICS Gel Cumulus 26,activities/13796278031.fit.gz,,,1885.0,1806.0,4677.8,5.457,2.59,15.4,165.0,451.2,476.8,4.0,-0.2,,,109.0,84.0,183.0,151.0,,,335.0,,,43.0,,,,,,,,,,,0.0,,0.0,,1.0,4681.4,1732028416.0,3.0,10.1,3.6,4.9,0.7,1002.2,6.6,17.4,242.0,0.1,1731998208.0,1732031104.0,0.625,,20321120.0,0.91,5.0,0.87,24927.0,0.0,,,,,0.0,2.482,0.0,,,,4976.0,,,,,2.592,,,,,,,,
12946787995,"Nov 20, 2024, 7:34:12 PM",20/11/2024 19:34,Evening Run,Run,,1851,4.54,156.0,30,FALSE,,ASICS Gel Cumulus 26,activities/13806206192.fit.gz,,,1851.0,1807.0,4539.0,3.46,2.512,24.3,166.0,476.8,492.0,7.6,0.0,,,86.0,81.0,156.0,144.0,,,325.0,,,30.0,,,,,,,,,,,,,0.0,,1.0,4573.8,1732129152.0,3.0,1.9,0.4,-0.9,0.82,1010.2,2.4,6.2,251.0,0.1,1732084736.0,1732117504.0,0.625,,20321120.0,0.91,5.0,0.88,36825.0,0.0,,,,,0.0,2.452,232.0,,,,4850.0,,,,,2.531,,,,,,,,
12964384115,"Nov 23, 2024, 10:28:52 AM",23/11/2024 10:28,Lunch Run,Run,,2168,5.78,166.0,40,FALSE,,ASICS Gel Cumulus 26,activities/13824855273.fit.gz,,,2168.0,2109.0,5787.2,4.164,2.744,27.3,175.0,474.2,492.3,11.1,-0.1,,,100.0,87.0,166.0,147.0,,,413.0,,,40.0,,,,,,,,,,,,,0.0,,1.0,5802.9,1732355968.0,3.0,-0.2,2.1,-4.6,0.72,1026.3,0.6,2.1,131.0,0.0,1732344192.0,1732376576.0,0.75,,20321120.0,0.0,1.0,0.64,33356.0,1.0,,,,,0.0,2.669,191.7,,,,6082.0,,,,,2.751,,,,,,,,
12988564761,"Nov 26, 2024, 4:34:03 PM",26/11/2024 16:34,Afternoon Run,Run,,2038,5.16,181.0,40,FALSE,,ASICS Gel Cumulus 26,activities/13850573734.fit.gz,,,2038.0,1988.0,5160.1,5.417,2.596,28.1,212.0,450.9,480.2,6.1,0.0,,,108.0,81.0,181.0,149.0,,,369.0,,,40.0,,,,,,,,,,,,,0.0,,1.0,5197.1,1732636800.0,3.0,7.6,7.9,4.9,0.83,1024.2,1.0,2.4,174.0,0.0,1732603520.0,1732635648.0,0.875,,20321120.0,0.75,5.0,0.67,35043.0,0.0,,,,,0.0,2.532,0.0,,,,5332.0,,,,,2.614,,,,,,,,
13018984937,"Nov 30, 2024, 9:57:30 PM",30/11/2024 21:57,Night Run,Run,,2134,5.42,152.0,32,FALSE,,ASICS Gel Cumulus 26,activities/13883198505.fit.gz,,,2134.0,2106.0,5427.7,3.667,2.577,25.1,205.0,476.8,492.0,7.4,0.1,,,89.0,85.0,152.0,143.0,,,389.0,,,32.0,,,,,,,,,,,,,0.0,,1.0,5470.8,1733000448.0,2.0,0.1,1.1,-2.5,0.83,1030.1,0.4,1.0,36.0,0.0,1732949504.0,1732981120.0,0.875,,20321120.0,0.0,1.0,0.42,28241.0,0.0,,,,,0.0,2.543,0.0,,,,5946.0,,,,,2.598,,,,,,,,
13025653491,"Dec 1, 2024, 5:41:30 PM",01/12/2024 17:41,Evening Run,Run,,2466,6.1,169.0,54,FALSE,,ASICS Gel Cumulus 26,activities/13890357034.fit.gz,,,2466.0,2409.0,6105.7,3.57,2.535,43.9,205.0,466.6,491.4,9.1,0.1,,,91.0,85.0,169.0,150.0,,,449.0,,,54.0,,,,,,,,,,,,,0.0,,1.0,6171.1,1733072384.0,2.0,3.3,4.1,0.0,0.79,1025.7,0.7,1.8,173.0,0.0,1733035904.0,1733067392.0,0.0,,20321120.0,0.0,1.0,0.62,21825.0,0.0,,,,,0.0,2.476,275.2,,,,6812.0,,,,,2.562,,,,,,,,
13043659803,"Dec 4, 2024, 8:28:07 AM",04/12/2024 08:28,Morning Run,Run,,2476,6.12,163.0,51,FALSE,,HOKA Clifton 8 Blue Cliftons + 100km,activities/13909606839.fit.gz,,,2476.0,2405.0,6128.0,4.5,2.548,50.3,240.0,440.8,519.9,16.7,-0.6,,,101.0,83.0,163.0,148.0,,,449.0,,,51.0,,,,,,,,,,,0.0,,0.0,,1.0,6207.8,1733299200.0,3.0,1.7,2.6,1.4,0.98,1026.3,0.8,2.2,305.0,0.2,1733295360.0,1733326592.0,0.125,,19580500.0,0.0,1.0,0.98,5061.0,0.0,,,,,0.0,2.475,1946.4,,,,6588.0,,,,,2.581,,,,,,,,
13088675972,"Dec 10, 2024, 8:16:02 PM",10/12/2024 20:16,Night Run,Run,,1907,4.62,180.0,47,FALSE,,ASICS Gel Cumulus 26,activities/13957634587.fit.gz,,,1907.0,1806.0,4622.4,4.271,2.559,25.5,192.0,476.9,491.9,6.5,0.0,,,92.0,84.0,180.0,152.0,,,333.0,,,47.0,,,,,,,,,,,,,0.0,,1.0,4660.5,1733860864.0,3.0,1.8,0.9,-0.3,0.86,1024.2,1.9,5.3,50.0,0.0,1733814144.0,1733844992.0,0.375,,20321120.0,0.0,1.0,0.63,36688.0,0.0,,,,,0.0,2.424,0.0,,,,5004.0,,,,,2.581,,,,,,,,
13140016418,"Dec 18, 2024, 6:57:50 AM",18/12/2024 06:57,Morning Run,Run,,2198,5.06,160.0,47,FALSE,,ASICS Gel Cumulus 26,activities/14012617420.fit.gz,,,2198.0,2101.0,5061.5,3.98,2.409,38.3,137.0,451.2,483.4,9.2,-0.1,,,114.0,83.0,160.0,149.0,,,383.0,,,47.0,,,,,,,,,,,,,0.0,,1.0,5111.8,1734501632.0,3.0,0.7,1.3,-0.7,0.9,1026.9,1.2,2.4,207.0,0.0,1734505728.0,1734536192.0,0.625,,20321120.0,0.0,1.0,0.86,28594.0,0.0,,,,,0.0,2.303,144.9,,,,5790.0,,,,,2.433,,,,,,,,
13207135121,"Dec 28, 2024, 11:02:45 AM",28/12/2024 11:02,Lunch Run - Fast Finish,Run,,1562,4.03,171.0,31,FALSE,,ASICS Gel Cumulus 26,activities/14084828574.fit.gz,,,1562.0,1562.0,4033.2,3.489,2.582,33.4,131.0,466.6,483.4,12.1,-0.1,,,95.0,87.0,171.0,147.0,,,297.0,,,31.0,,,,,,,,,,,0.0,,0.0,,1.0,4071.5,1735383552.0,3.0,-0.3,2.7,-1.6,0.91,1032.5,0.2,1.6,273.0,0.0,1735369984.0,1735400576.0,0.875,,20321120.0,0.0,1.0,0.63,24441.0,1.0,,,,,0.0,2.582,128.9,,,,4526.0,,,,,2.607,,,,,,,,
13223022657,"Dec 30, 2024, 12:24:05 PM",30/12/2024 12:24,Zone 2 Afternoon Run,Run,Cross country track so 🐌,1512,3.49,154.0,25,FALSE,,HOKA Clifton 8 Blue Cliftons + 100km,activities/14102041322.fit.gz,,,1512.0,1503.0,3494.1,3.8,2.325,14.0,82.0,476.3,485.2,8.7,0.1,,,89.0,80.0,154.0,144.0,,,254.0,,,25.0,,,,,,,,,,,0.0,,0.0,,1.0,3531.7,1735559936.0,3.0,-0.9,1.6,-2.7,0.87,1032.8,0.2,1.5,347.0,0.0,1735542784.0,1735573504.0,0.875,,19580500.0,0.0,1.0,0.75,23914.0,1.0,,,,,0.0,2.311,2719.0,,,,4004.0,,,,,2.35,,,,,,,,
13252132452,"Jan 3, 2025, 4:36:08 AM",03/01/2025 04:36,Morning Run,Run,,1881,4.37,164.0,31,FALSE,,ASICS Gel Cumulus 26,activities/14133534163.fit.gz,,,1881.0,1803.0,4371.9,3.3,2.425,21.4,146.0,475.2,492.0,6.5,0.0,,,88.0,83.0,164.0,145.0,,,322.0,,,31.0,,,,,,,,,,,,,0.0,,1.0,4405.2,1735876864.0,3.0,0.0,0.5,-0.9,0.94,1022.6,1.1,3.2,272.0,0.0,1735888384.0,1735919360.0,0.125,,20321120.0,0.0,1.0,0.72,24978.0,0.0,,,,,0.0,2.324,0.0,,,,4976.0,,,,,2.443,,,,,,,,
13278924669,"Jan 6, 2025, 7:53:47 AM",06/01/2025 07:53,Fast Finish Morning Run,Run,,2224,5.58,167.0,44,FALSE,,ASICS Gel Cumulus 26,activities/14162421518.fit.gz,,,2224.0,2108.0,5587.9,3.8,2.651,19.6,158.0,440.8,483.4,9.2,-0.6,,,112.0,85.0,167.0,150.0,,,408.0,,,44.0,,,,,,,,,,,0.0,,0.0,,1.0,5550.3,1736146816.0,1.0,0.4,1.0,-0.7,0.92,1000.1,0.8,1.8,182.0,0.0,1736147584.0,1736178688.0,0.125,,20321120.0,0.66,5.0,0.35,26877.0,0.0,,,,,0.0,2.513,793.4,,,,5964.0,,,,,2.633,,,,,,,,
13299200942,"Jan 8, 2025, 1:15:19 PM",08/01/2025 13:15,Afternoon Run,Run,,1842,4.19,169.0,40,FALSE,,HOKA Clifton 8 Blue Cliftons + 100km,activities/14184182103.fit.gz,,,1842.0,1801.0,4197.2,3.656,2.33,58.0,134.0,472.5,515.8,13.6,0.1,,,98.0,84.0,169.0,149.0,,,322.0,,,40.0,,,,,,,,,,,0.0,,0.0,,1.0,4338.5,1736341248.0,3.0,9.3,4.6,6.6,0.83,1005.6,4.4,11.6,230.0,0.1,1736320384.0,1736351616.0,0.375,,19580500.0,0.89,5.0,0.97,17197.0,1.0,,,,,0.0,2.279,806.5,,,,5028.0,,,,,2.409,,,,,,,,
13324156215,"Jan 11, 2025, 11:45:16 AM",11/01/2025 11:45,Speed Play Lunch Run,Run,"• 10' Warmup
• 3x (1' Zone 4/2' Zone 1)
• 5' Cooldown",1653,4.41,182.0,55,FALSE,,ASICS Gel Cumulus 26,activities/14210890663.fit.gz,,,1653.0,1626.0,4411.9,4.283,2.713,22.2,84.0,417.1,420.0,4.0,0.0,,,95.0,84.0,182.0,159.0,,,327.0,,,55.0,,,,,,,,,,,0.0,,0.0,,1.0,4444.8,1736593152.0,1.0,0.2,2.3,-3.6,0.76,1024.9,1.9,5.3,20.0,0.0,1736579456.0,1736611072.0,0.375,,20321120.0,0.0,1.0,0.18,36761.0,1.0,,,,,0.0,2.669,4411.9,,,,4504.0,,,,,2.734,,,,,,,,media/f45dea6c-429f-4a4d-8d7e-b4fea371fe64.jpg
13361920926,"Jan 14, 2025, 8:22:47 AM",14/01/2025 08:22,Morning Run,Run,,2152,5.27,175.0,54,FALSE,,ASICS Gel Cumulus 26,activities/14251473240.fit.gz,,,2152.0,2108.0,5271.2,4.283,2.501,31.5,219.0,465.8,491.4,17.3,0.0,,,94.0,82.0,175.0,153.0,,,399.0,,,54.0,,,,,,,,,,,,,0.0,,1.0,5320.2,1736841600.0,1.0,-4.7,-2.6,-6.7,0.86,1037.2,0.9,2.3,57.0,0.0,1736838528.0,1736870528.0,0.5,,20321120.0,0.0,1.0,0.36,30792.0,0.0,,,,,0.0,2.449,478.3,,,,5692.0,,,,,2.524,,,,,,,,
13395977605,"Jan 19, 2025, 11:16:35 AM",19/01/2025 11:16,Lunch Run,Run,,2138,5.05,164.0,43,FALSE,,HOKA Clifton 8 Blue Cliftons + 100km,activities/14288157461.fit.gz,,,2138.0,2105.0,5053.5,3.9,2.401,100.6,211.0,473.6,570.1,22.3,0.1,,,101.0,83.0,164.0,147.0,,,393.0,,,43.0,,,,,,,,,,,0.0,,0.0,,1.0,5399.3,1737284352.0,3.0,0.2,2.0,-2.0,0.85,1023.1,0.5,2.0,357.0,0.0,1737270400.0,1737302912.0,0.625,,19580500.0,0.0,1.0,0.8,19577.0,1.0,,,,,0.0,2.364,3136.0,,,,5800.0,,,,,2.565,,,,,,,,
13450409682,"Jan 25, 2025, 3:28:21 PM",25/01/2025 15:28,Afternoon Run,Run,,2448,5.86,160.0,51,FALSE,,ASICS Gel Cumulus 26,activities/14347102780.fit.gz,,,2448.0,2407.0,5861.2,3.4,2.435,19.6,187.0,441.0,483.4,9.1,-0.6,,,91.0,84.0,160.0,148.0,,,438.0,,,51.0,,,,,,,,,,,,,0.0,,1.0,5832.3,1737817216.0,3.0,11.9,12.7,6.2,0.68,1009.5,0.7,3.5,164.0,0.0,1737788416.0,1737821824.0,0.875,,20321120.0,0.0,1.0,0.67,34274.0,0.0,,,,,0.0,2.394,841.3,,,,6710.0,,,,,2.423,,,,,,,,
13472477485,"Jan 28, 2025, 8:34:03 AM",28/01/2025 08:34,Morning Run,Run,,2120,5.52,171.0,48,FALSE,,ASICS Gel Cumulus 26,activities/14371228120.fit.gz,,,2120.0,2105.0,5525.3,4.517,2.625,42.3,310.0,473.6,503.1,27.2,0.0,,,89.0,83.0,171.0,150.0,,,400.0,,,48.0,,,,,,,,,,,,,0.0,,1.0,5602.8,1738051200.0,5.0,4.6,2.2,3.1,0.9,1002.6,2.8,6.9,210.0,0.5,1738047360.0,1738081280.0,0.875,,20321120.0,0.95,5.0,0.99,5076.0,0.0,,,,,0.0,2.606,0.0,,,,5832.0,,,,,2.662,,,,,,,,
13484290982,"Jan 29, 2025, 6:41:23 AM",29/01/2025 06:41,Morning Run,Run,,1898,4.49,160.0,32,FALSE,,HOKA Clifton 8 Blue Cliftons + 100km,activities/14384058265.fit.gz,,,1898.0,1813.0,4497.7,3.537,2.481,58.3,117.0,466.6,515.8,20.0,0.1,,,99.0,84.0,160.0,144.0,,,335.0,,,32.0,,,,,,,,,,,0.0,,0.0,,1.0,4661.8,1738130432.0,3.0,5.1,-1.7,2.5,0.83,1011.6,6.4,14.1,237.0,0.1,1738133760.0,1738167808.0,0.875,,19580500.0,0.55,5.0,0.92,18344.0,0.0,,,,,0.0,2.37,1400.0,,,,5048.0,,,,,2.571,,,,,,,,
13512305113,"Feb 1, 2025, 11:21:45 AM",01/02/2025 11:21,Hill Sprints,Run,,1656,3.36,184.0,25,FALSE,,ASICS Gel Cumulus 26,activities/14414520040.fit.gz,,,1656.0,1625.0,3363.6,6.114,2.07,62.5,82.0,474.0,524.8,12.5,0.6,,,114.0,75.0,184.0,144.0,,,263.0,,,25.0,,,,,,,,,,,0.0,,0.0,,1.0,3557.9,1738407552.0,3.0,2.6,1.8,-0.2,0.82,1027.7,2.2,5.1,35.0,0.0,1738392704.0,1738427264.0,0.125,,20321120.0,0.0,1.0,0.69,26226.0,1.0,,,,,0.0,2.031,0.0,,,,3960.0,,,,,2.189,,,,,,,,
13572950539,"Feb 8, 2025, 11:56:00 AM",08/02/2025 11:56,Lunch Run,Run,,4169,10.07,169.0,112,FALSE,,ASICS Gel Cumulus 26,activities/14480973622.fit.gz,,,4169.0,3982.0,10074.2,5.9,2.53,37.1,423.0,403.5,476.8,13.6,-0.5,,,104.0,84.0,169.0,156.0,,,755.0,,,112.0,,,,,,,,,,,,,0.0,,1.0,10061.7,1739012352.0,1.0,4.8,6.9,-0.3,0.7,1022.0,1.5,3.6,29.0,0.0,1738996864.0,1739032704.0,0.375,,20321120.0,0.0,1.0,0.32,31831.0,1.0,,,,,0.0,2.416,2079.8,,,,11112.0,,,,,2.527,,,,,,,,
13601392644,"Feb 11, 2025, 5:35:04 PM",11/02/2025 17:35,Evening Run,Run,,1988,4.85,158.0,41,FALSE,,HOKA Clifton 8 Blue Cliftons + 100km,activities/14512191058.fit.gz,,,1988.0,1892.0,4854.0,3.529,2.566,24.2,229.0,474.8,492.5,11.0,0.0,,,89.0,86.0,158.0,149.0,,,359.0,,,41.0,,,,,,,,,,,0.0,,0.0,,1.0,4883.8,1739293184.0,3.0,7.6,8.8,6.1,0.9,1020.2,0.7,1.6,39.0,0.1,1739255808.0,1739292160.0,0.375,,19580500.0,0.9,5.0,0.99,15587.0,0.0,,,,,0.0,2.442,0.0,,,,5372.0,,,,,2.581,,,,,,,,
13634337484,"Feb 15, 2025, 1:23:53 PM",15/02/2025 13:23,Afternoon Run,Run,,4852,12.07,163.0,115,FALSE,,ASICS Gel Cumulus 26,activities/14548182081.fit.gz,,,4852.0,4620.0,12072.4,4.5,2.613,32.4,509.0,404.7,480.6,12.4,-0.5,,,113.0,83.0,163.0,151.0,,,881.0,,,115.0,,,,,,,,,,,,,0.0,,1.0,12011.4,1739624448.0,1.0,2.9,4.7,-3.5,0.63,1020.7,2.0,4.8,48.0,0.0,1739601024.0,1739638144.0,0.625,,20321120.0,0.0,1.0,0.17,31376.0,2.0,,,,,0.0,2.488,3621.3,,,,12722.0,,,,,2.6,,,,,,,,
13644945866,"Feb 16, 2025, 4:13:28 PM",16/02/2025 16:13,Recovery Run,Run,,2208,4.54,159.0,27,FALSE,,ASICS Gel Cumulus 26,activities/14559810434.fit.gz,,,2208.0,2180.0,4545.8,2.992,2.085,29.8,150.0,468.8,485.6,11.0,0.0,,,89.0,79.0,159.0,142.0,,,329.0,,,27.0,,,,,,,,,,,0.0,,0.0,,1.0,4600.3,1739721600.0,3.0,3.7,2.1,-0.6,0.74,1016.8,2.2,5.2,39.0,0.0,1739687296.0,1739724672.0,0.625,,20321120.0,0.0,1.0,0.96,27846.0,0.0,,,,,0.0,2.059,1592.9,,,,5676.0,,,,,2.11,,,,,,,,
13677792129,"Feb 20, 2025, 11:53:48 AM",20/02/2025 11:53,Lunch Run,Run,,2114,5.23,157.0,38,FALSE,,HOKA Clifton 8 Blue Cliftons + 100km,activities/14595763164.fit.gz,,,2114.0,2034.0,5229.0,3.557,2.571,27.0,185.0,451.2,483.4,12.2,-0.3,,,96.0,82.0,157.0,146.0,,,384.0,,,38.0,,,,,,,,,,,0.0,,0.0,,1.0,5242.3,1740049152.0,3.0,8.2,9.9,3.7,0.73,1027.6,0.5,2.6,186.0,0.0,1740032512.0,1740070656.0,0.625,,19580500.0,0.0,1.0,0.67,29151.0,2.0,,,,,0.0,2.474,71.6,,,,5564.0,,,,,2.577,,,,,,,,
13702896856,"Feb 23, 2025, 9:16:32 AM",23/02/2025 09:16,Morning Run,Run,,4426,11,165.0,106,FALSE,,HOKA Clifton 8 Blue Cliftons + 100km,activities/14623220472.fit.gz,,,4426.0,4426.0,11001.5,4.02,2.486,39.5,188.0,452.2,473.4,13.4,0.0,,,92.0,81.0,165.0,150.0,,,819.0,,,106.0,,,,,,,,,,,0.0,,0.0,,1.0,11082.6,1740301184.0,3.0,6.8,7.3,4.0,0.82,1031.3,0.4,2.0,162.0,0.0,1740291200.0,1740329856.0,0.875,,19580500.0,0.48,5.0,0.98,16313.0,1.0,,,,,0.0,2.486,3334.4,,,,12052.0,,,,,2.504,,,,,,,,
13720758550,"Feb 25, 2025, 8:30:04 AM",25/02/2025 08:30,Morning Run,Run,,2208,5.42,157.0,40,FALSE,,ASICS Gel Cumulus 26,activities/14642651894.fit.gz,,,2208.0,2208.0,5428.9,3.643,2.459,31.4,168.0,451.1,482.7,8.8,0.1,,,89.0,81.0,157.0,146.0,,,406.0,,,40.0,,,,,,,,,,,,,0.0,,1.0,5487.6,1740470400.0,3.0,6.4,6.2,4.2,0.86,1016.5,1.2,2.5,29.0,0.0,1740464000.0,1740503168.0,0.875,,20321120.0,0.66,5.0,0.98,26875.0,0.0,,,,,0.0,2.459,718.9,,,,5976.0,,,,,2.485,,,,,,,,
13760362980,"Mar 1, 2025, 3:10:15 PM",01/03/2025 15:10,Afternoon Run,Run,,1621,4.28,180.0,45,FALSE,,ASICS Gel Cumulus 26,activities/14685624000.fit.gz,,,1621.0,1621.0,4286.4,4.5,2.644,8.2,146.0,415.6,419.8,3.9,0.0,,,93.0,83.0,180.0,154.0,,,326.0,,,45.0,,,,,,,,,,,0.0,,0.0,,1.0,4302.9,1740841216.0,2.0,7.2,3.0,-0.1,0.6,1025.9,5.0,10.2,53.0,0.0,1740809216.0,1740849024.0,0.125,,20321120.0,0.0,1.0,0.45,28972.0,1.0,,,,,0.0,2.644,4288.1,,,,4458.0,,,,,2.654,,,,,,,,media/fbc4aeeb-7179-4a53-aee9-d87647c36ce7.jpg
13795022405,"Mar 5, 2025, 11:14:24 AM",05/03/2025 11:14,Lunch Run,Run,,2403,5.44,162.0,47,FALSE,,HOKA Clifton 8 Blue Cliftons + 100km,activities/14723284799.fit.gz,,,2403.0,2322.0,5445.0,3.657,2.345,100.9,271.0,466.9,570.4,15.1,-0.1,,,90.0,82.0,162.0,147.0,,,421.0,,,47.0,,,,,,,,,,,0.0,,0.0,,1.0,5677.9,1741172352.0,1.0,10.4,14.1,2.0,0.56,1026.6,0.8,2.7,354.0,0.0,1741154304.0,1741195008.0,0.125,,19580500.0,0.0,1.0,0.02,30550.0,3.0,,,,,0.0,2.266,1680.1,,,,6296.0,,,,,2.445,,,,,,,,
13825945035,"Mar 8, 2025, 4:25:45 PM",08/03/2025 16:25,Afternoon Run,Run,,3769,9.07,161.0,76,FALSE,,HOKA Clifton 8 Blue Cliftons + 100km,activities/14756786744.fit.gz,,,3769.0,3690.0,9071.1,4.233,2.458,135.2,354.0,466.6,576.4,11.7,-0.1,,,89.0,82.0,161.0,147.0,,,669.0,,,76.0,,,,,,,,,,,0.0,,0.0,,1.0,9364.3,1741449600.0,1.0,14.4,15.2,2.9,0.46,1009.9,2.2,5.0,44.0,0.0,1741413120.0,1741454464.0,0.375,,19580500.0,0.0,1.0,0.0,31897.0,0.0,,,,,0.0,2.407,2842.3,,,,10052.0,,,,,2.538,,,,,,,,
13845642950,"Mar 10, 2025, 7:01:11 PM",10/03/2025 19:01,Evening Run,Run,[strava://athletes/161184946/15]Anouk Schnidrig,2342,4.99,160.0,15,FALSE,,HOKA Clifton 8 Blue Cliftons + 100km,activities/14778260201.fit.gz,,,2342.0,2318.0,4992.2,5.233,2.154,32.1,152.0,451.1,480.2,10.3,0.0,,,86.0,78.0,160.0,133.0,,,359.0,,,15.0,,,,,,,,,,,0.0,,0.0,,1.0,5036.7,1741633152.0,1.0,8.9,8.6,4.7,0.75,1005.0,1.1,2.5,99.0,0.0,1741585664.0,1741627520.0,0.375,,19580500.0,0.39,5.0,0.36,27917.0,0.0,,,,,0.0,2.132,0.0,,,,5998.0,,,,,2.173,,,,,,,,
13853762856,"Mar 11, 2025, 3:46:52 PM",11/03/2025 15:46,Afternoon Run,Run,6x400m with [strava://athletes/67540735/14]Fabio Kaufmann,2204,5.76,185.0,82,FALSE,,ASICS Gel Cumulus 26,activities/14787040165.fit.gz,,,2204.0,2204.0,5766.0,3.542,2.616,0.0,0.0,0.0,0.0,0.0,0.0,,,84.0,78.0,185.0,163.0,,,490.0,,,82.0,,,,,,,,,,,0.0,,0.0,,1.0,5763.8,,,,,,,,,,,,,,,,20321120.0,,,,,,,,,,0.0,2.616,0.0,,,,5728.0,,,,,,,,,,,,,
13853763316,"Mar 11, 2025, 4:31:53 PM",11/03/2025 16:31,Half Cooper Test,Run,,361,1.32,179.0,13,FALSE,,ASICS Gel Cumulus 26,activities/14787040684.fit.gz,,,361.0,361.0,1320.3,4.26,3.657,0.0,0.0,0.0,0.0,0.0,0.0,,,93.0,85.0,179.0,162.0,,,79.0,,,13.0,,,,,,,,,,,0.0,,0.0,,1.0,1320.3,,,,,,,,,,,,,,,,20321120.0,,,,,,,,,,0.0,3.657,0.0,,,,1016.0,,,,,,,,,,,,,
13872254363,"Mar 13, 2025, 4:08:22 PM",13/03/2025 16:08,Afternoon Run,Run,Easy run with cooldown walk ,2530,5.57,150.0,14,FALSE,,HOKA Clifton 8 Blue Cliftons + 100km,activities/14807023460.fit.gz,,,2530.0,2521.0,5571.7,3.289,2.21,66.8,235.0,451.1,515.8,17.2,-0.1,,,94.0,76.0,150.0,132.0,,,394.0,,,14.0,,,,,,,,,,,0.0,,0.0,,1.0,5747.4,1741881600.0,3.0,7.3,3.3,2.2,0.7,998.0,3.8,7.8,302.0,0.1,1741844608.0,1741886976.0,0.375,,19580500.0,0.84,5.0,0.9,16525.0,0.0,,,,,0.0,2.202,1049.3,,,,6334.0,,,,,2.28,,,,,,,,
13888581180,"Mar 15, 2025, 11:00:29 AM",15/03/2025 11:00,Lunch Run,Run,,4150,10.14,169.0,84,FALSE,,HOKA Clifton 8 Blue Cliftons + 100km,activities/14823952704.fit.gz,,,4150.0,4113.0,10148.4,3.833,2.467,46.7,417.0,399.7,476.1,22.2,-0.7,,,112.0,80.0,169.0,148.0,,,747.0,,,84.0,,,,,,,,,,,0.0,,0.0,,1.0,10171.1,1742036352.0,3.0,6.2,1.0,2.7,0.78,1008.2,4.3,9.5,54.0,0.3,1742017152.0,1742059904.0,0.625,,19580500.0,0.0,1.0,0.99,16481.0,3.0,,,,,0.0,2.445,3223.9,,,,10928.0,,,,,2.473,,,,,,,,
13909890306,"Mar 17, 2025, 6:23:24 PM",17/03/2025 18:23,Evening Run,Run,,2770,7.04,152.0,47,FALSE,,ASICS Gel Cumulus 26,activities/14847164173.fit.gz,,,2770.0,2765.0,7040.2,4.14,2.546,25.3,187.0,472.3,485.4,13.2,0.1,,,83.0,78.0,152.0,144.0,,,508.0,,,47.0,,,,,,,,,,,,,0.0,,1.0,7102.7,1742234368.0,1.0,5.4,-0.5,-1.7,0.6,1023.7,4.6,11.0,56.0,0.0,1742189696.0,1742232832.0,0.625,,20321120.0,0.0,1.0,0.1,28558.0,0.0,,,,,0.0,2.542,6198.7,,,,7134.0,,,,,2.569,,,,,,,,
13917864350,"Mar 18, 2025, 3:56:22 PM",18/03/2025 15:56,Afternoon Run,Run,"8x20sec hills
3min rest",2617,6.09,178.0,54,FALSE,,ASICS Gel Cumulus 26,activities/14855808639.fit.gz,,,2617.0,2573.0,6091.3,5.06,2.367,196.8,290.0,463.1,515.9,15.5,0.0,,,100.0,80.0,178.0,148.0,,,487.0,,,54.0,,,,,,,,,,,0.0,,0.0,,1.0,6769.8,1742310016.0,1.0,10.6,12.8,0.0,0.48,1023.9,1.7,4.7,41.0,0.0,1742275968.0,1742319360.0,0.625,,20321120.0,0.0,1.0,0.01,31578.0,2.0,,,,,0.0,2.328,4570.8,,,,6758.0,,,,,2.631,,,,,,,,
13937949058,"Mar 20, 2025, 4:32:49 PM",20/03/2025 16:32,Afternoon Run,Run,,2882,7.15,159.0,65,FALSE,,ASICS Gel Cumulus 26,activities/14877524726.fit.gz,,,2882.0,2882.0,7158.6,3.671,2.484,20.8,226.0,476.2,484.1,9.3,0.0,,,82.0,78.0,159.0,149.0,,,532.0,,,65.0,,,,,,,,,,,,,0.0,,1.0,7194.1,1742486400.0,1.0,16.8,18.9,5.4,0.47,1021.6,1.2,3.2,75.0,0.0,1742448512.0,1742492288.0,0.625,,20321120.0,0.0,1.0,0.0,31457.0,0.0,,,,,0.0,2.484,6350.7,,,,7448.0,,,,,2.496,,,,,,,,
13953524432,"Mar 22, 2025, 10:46:39 AM",22/03/2025 10:46,Lunch Run,Run,,4434,11.06,169.0,94,FALSE,,HOKA Clifton 8 Blue Cliftons + 100km,activities/14894296505.fit.gz,,,4434.0,4371.0,11064.2,3.487,2.531,20.5,360.0,399.7,475.5,6.8,-0.6,,,110.0,81.0,169.0,150.0,,,821.0,,,94.0,,,,,,,,,,,0.0,,0.0,,1.0,10969.8,1742637568.0,2.0,15.0,15.4,6.3,0.56,1006.9,1.6,3.8,77.0,0.0,1742621056.0,1742665344.0,0.75,,19580500.0,0.0,1.0,0.56,28836.0,3.0,,,,,0.0,2.495,4787.7,,,,11758.0,,,,,2.51,,,,,,,,
13970294611,"Mar 24, 2025, 6:12:31 AM",24/03/2025 06:12,Morning Run,Run,,2826,7.14,162.0,46,FALSE,,ASICS Gel Cumulus 26,activities/14912364508.fit.gz,,,2826.0,2714.0,7146.0,4.4,2.633,87.9,240.0,466.6,543.6,19.3,0.0,,,98.0,82.0,162.0,143.0,,,509.0,,,46.0,,,,,,,,,,,,,0.0,,1.0,7363.8,1742796032.0,3.0,7.4,8.5,5.8,0.9,1012.3,0.5,1.8,59.0,0.3,1742793600.0,1742838272.0,0.875,,20321120.0,0.69,5.0,0.97,14419.0,0.0,,,,,0.0,2.529,3708.3,,,,7364.0,,,,,2.713,,,,,,,,
13985034268,"Mar 25, 2025, 5:34:31 PM",25/03/2025 17:34,Evening Run,Run,"6x10sec hills
2min rest",2646,6.25,179.0,57,FALSE,,ASICS Gel Cumulus 26,activities/14928140404.fit.gz,,,2646.0,2542.0,6255.1,5.78,2.461,103.8,232.0,473.8,520.1,26.3,0.0,,,113.0,80.0,179.0,151.0,,,483.0,,,57.0,,,,,,,,,,,0.0,,0.0,,1.0,6709.5,1742921984.0,3.0,11.7,12.3,7.0,0.73,1018.6,0.8,3.0,330.0,0.2,1742879872.0,1742924800.0,0.875,,20321120.0,0.62,5.0,0.69,22081.0,0.0,,,,,0.0,2.364,641.3,,,,6692.0,,,,,2.639,,,,,,,,
14004284571,"Mar 27, 2025, 5:30:18 PM",27/03/2025 17:30,Evening Run,Run,,1942,4.7,152.0,20,FALSE,,HOKA Clifton 8 Blue Cliftons + 100km,activities/14948745943.fit.gz,,,1942.0,1921.0,4706.0,3.786,2.45,72.0,168.0,466.6,530.5,15.3,0.0,,,85.0,78.0,152.0,139.0,,,345.0,,,20.0,,,,,,,,,,,0.0,,0.0,,1.0,4899.4,1743094784.0,2.0,10.8,7.8,4.2,0.64,1016.3,3.8,8.4,56.0,0.0,1743052416.0,1743097728.0,0.875,,19580500.0,0.0,1.0,0.52,25118.0,0.0,,,,,0.0,2.423,1614.7,,,,4958.0,,,,,2.55,,,,,,,,
14010271361,"Mar 28, 2025, 11:07:46 AM",28/03/2025 11:07,Lunch Run,Run,,1936,5.04,160.0,37,FALSE,,HOKA Clifton 8 Blue Cliftons + 100km,activities/14955176737.fit.gz,,,1936.0,1936.0,5048.7,4.08,2.608,17.4,134.0,480.5,485.6,3.5,0.1,,,82.0,80.0,160.0,147.0,,,373.0,,,37.0,,,,,,,,,,,0.0,,0.0,,1.0,5075.9,1743159552.0,3.0,9.4,10.3,3.5,0.67,1012.3,1.0,3.7,306.0,0.0,1743138816.0,1743184256.0,0.875,,19580500.0,0.0,1.0,0.67,26448.0,4.0,,,,,0.0,2.608,3823.7,,,,5110.0,,,,,2.622,,,,,,,,
14028782586,"Mar 30, 2025, 10:18:28 AM",30/03/2025 10:18,Lunch Run,Run,,4328,10.66,166.0,108,FALSE,,HOKA Clifton 8 Blue Cliftons + 100km,activities/14975137348.fit.gz,,,4328.0,4313.0,10661.5,4.267,2.472,239.7,349.0,476.3,645.8,10.1,0.0,,,103.0,81.0,166.0,152.0,,,824.0,,,108.0,,,,,,,,,,,0.0,,0.0,,1.0,11302.2,1743328768.0,2.0,10.6,9.5,4.6,0.66,1021.1,2.9,7.1,249.0,0.0,1743311360.0,1743357184.0,0.125,,19580500.0,0.0,1.0,0.55,25581.0,4.0,,,,,0.0,2.463,6823.2,,,,11620.0,,,,,2.62,,,,,,,,
14035592809,"Mar 31, 2025, 4:35:05 AM",31/03/2025 04:35,Morning Run,Run,,2719,6.6,151.0,43,FALSE,,ASICS Gel Cumulus 26,activities/14982478105.fit.gz,,,2719.0,2719.0,6606.0,3.16,2.43,18.5,165.0,476.4,483.8,9.3,0.1,,,82.0,78.0,151.0,143.0,,,484.0,,,43.0,,,,,,,,,,,0.0,,0.0,,1.0,6645.7,1743393536.0,2.0,5.1,4.3,3.0,0.86,1022.0,1.8,4.0,276.0,0.0,1743397632.0,1743443712.0,0.125,,20321120.0,0.45,5.0,0.58,22081.0,0.0,,,,,0.0,2.43,5772.1,,,,7042.0,,,,,2.444,,,,,,,,
14045485177,"Apr 1, 2025, 6:11:58 AM",01/04/2025 06:11,Morning Run,Run,"8xhills
2min rest",3098,6.64,174.0,40,FALSE,,ASICS Gel Cumulus 26,activities/14993070909.fit.gz,,,3098.0,3040.0,6640.0,5.98,2.184,133.7,275.0,460.8,499.1,17.0,0.0,,,117.0,75.0,174.0,142.0,,,526.0,,,40.0,,,,,,,,,,,0.0,,0.0,,1.0,7091.2,1743487232.0,2.0,3.7,1.6,0.7,0.81,1022.6,3.2,8.1,48.0,0.0,1743483904.0,1743530112.0,0.125,,20321120.0,0.0,1.0,0.44,21339.0,0.0,,,,,0.0,2.143,3573.6,,,,7458.0,,,,,2.333,,,,,,,,
14067523709,"Apr 3, 2025, 11:32:49 AM",03/04/2025 11:32,Afternoon Run,Run,,1804,4.33,155.0,18,FALSE,,HOKA Clifton 8 Blue Cliftons + 100km,activities/15016420706.fit.gz,,,1804.0,1767.0,4334.4,3.629,2.453,22.9,126.0,464.1,483.8,11.0,0.0,,,89.0,80.0,155.0,139.0,,,302.0,,,18.0,,,,,,,,,,,0.0,,0.0,,1.0,4373.8,1743677952.0,1.0,15.6,17.5,5.8,0.52,1021.0,1.6,4.5,35.0,0.0,1743656448.0,1743703168.0,0.125,,19580500.0,0.0,1.0,0.15,29117.0,4.0,,,,,0.0,2.403,1612.0,,,,4678.0,,,,,2.475,,,,,,,,
14085050584,"Apr 5, 2025, 8:05:47 AM",05/04/2025 08:05,Morning Run,Run,,5701,13.72,167.0,133,FALSE,,HOKA Clifton 8 Blue Cliftons + 100km,activities/15034839038.fit.gz,,,5701.0,5539.0,13721.2,4.36,2.477,349.3,610.0,476.5,703.0,18.4,0.1,,,106.0,80.0,167.0,151.0,,,1024.0,,,133.0,,,,,,,,,,,0.0,,0.0,,1.0,14783.2,1743840000.0,1.0,12.8,16.4,3.7,0.54,1015.2,0.6,2.9,27.0,0.0,1743828992.0,1743876096.0,0.25,,19580500.0,0.0,1.0,0.0,29890.0,2.0,,,,,0.0,2.407,9656.3,,,,14610.0,,,,,2.669,,,,,,,,
14109807382,"Apr 7, 2025, 5:37:52 PM",07/04/2025 17:37,Evening Run,Run,,2710,6.91,161.0,66,FALSE,,HOKA Clifton 8 Blue Cliftons + 100km,activities/15060844281.fit.gz,,,2710.0,2710.0,6916.1,3.525,2.552,16.1,164.0,476.8,484.0,3.7,-0.1,,,89.0,80.0,161.0,151.0,,,518.0,,,66.0,,,,,,,,,,,0.0,,0.0,,1.0,6931.4,1744045184.0,1.0,12.1,11.4,-1.5,0.39,1021.5,2.7,6.6,54.0,0.0,1744001536.0,1744049024.0,0.375,,19580500.0,0.0,1.0,0.0,30445.0,0.0,,,,,0.0,2.552,6189.5,,,,7174.0,,,,,2.558,,,,,,,,
14125978046,"Apr 9, 2025, 11:13:27 AM",09/04/2025 11:13,Afternoon Run,Run,,2441,6.74,187.0,77,FALSE,,ASICS Gel Cumulus 26,activities/15077634771.fit.gz,,,2441.0,2387.0,6741.8,4.52,2.824,4.1,8.0,452.4,456.7,5.0,0.0,,,88.0,81.0,187.0,159.0,,,504.0,,,77.0,,,,,,,,,,,0.0,,0.0,,1.0,6802.5,1744196352.0,3.0,14.0,13.4,2.0,0.44,1020.9,2.0,5.4,29.0,0.0,1744174080.0,1744222080.0,0.375,,20321120.0,0.0,1.0,0.67,30972.0,4.0,,,,,0.0,2.762,0.0,,,,6404.0,,,,,2.85,,,,,,,,
14148320591,"Apr 11, 2025, 5:44:14 PM",11/04/2025 17:44,Evening Run,Run,,1900,5.08,155.0,38,FALSE,,ASICS Gel Cumulus 26,activities/15100939914.fit.gz,,,1900.0,1897.0,5086.1,3.412,2.681,17.7,152.0,476.3,483.9,8.2,0.1,,,82.0,79.0,155.0,146.0,,,367.0,,,38.0,,,,,,,,,,,,,0.0,,1.0,5123.1,1744390784.0,1.0,18.3,20.1,6.5,0.46,1017.0,0.8,2.4,303.0,0.0,1744346752.0,1744395008.0,0.375,,20321120.0,0.0,1.0,0.0,31910.0,0.0,,,,,0.0,2.677,4729.6,,,,4964.0,,,,,2.701,,,,,,,,
14164406233,"Apr 13, 2025, 9:38:14 AM",13/04/2025 09:38,Lunch Run,Run,,5884,14.22,162.0,119,FALSE,,HOKA Clifton 8 Blue Cliftons + 100km,activities/15117826631.fit.gz,,,5884.0,5846.0,14221.2,3.967,2.433,208.0,364.0,423.0,516.0,25.7,0.0,,,120.0,78.0,162.0,148.0,,,1051.0,,,119.0,,,,,,,,,,,0.0,,0.0,,1.0,14810.7,1744534784.0,3.0,14.1,12.4,9.1,0.72,1011.0,2.4,6.6,255.0,0.2,1744519296.0,1744567936.0,0.5,,19580500.0,0.0,1.0,0.95,27085.0,2.0,,,,,0.0,2.417,8787.4,,,,15160.0,,,,,2.533,,,,,,,,
14205395278,"Apr 17, 2025, 3:56:08 PM",17/04/2025 15:56,Afternoon Run,Run,,2640,6.14,157.0,37,FALSE,,ASICS Gel Cumulus 26,activities/15160589216.fit.gz,,,2640.0,2286.0,6141.7,4.46,2.687,16.4,134.0,441.6,480.1,30.8,-0.5,,,88.0,80.0,157.0,143.0,,,434.0,,,37.0,,,,,,,,,,,,,0.0,,1.0,6119.7,1744902016.0,3.0,10.6,8.1,6.2,0.74,1007.9,2.7,6.4,269.0,0.0,1744864384.0,1744913920.0,0.625,,20321120.0,0.95,5.0,0.99,25161.0,1.0,,,,,0.0,2.326,744.4,,,,6062.0,,,,,2.677,,,,,,,,
14300728476,"Apr 27, 2025, 10:13:07 AM",27/04/2025 10:13,Recovery Run/Walk,Run,,3944,6.62,160.0,24,FALSE,,ASICS Gel Cumulus 26,activities/15260341992.fit.gz,,,3944.0,3798.0,6623.4,4.06,1.744,110.6,353.0,472.0,576.2,40.0,0.1,,,81.0,65.0,160.0,121.0,,,468.0,,,24.0,,,,,,,,,,,0.0,,0.0,,1.0,6934.0,1745747968.0,3.0,14.6,14.3,8.1,0.65,1021.5,1.4,4.1,12.0,0.0,1745727360.0,1745778688.0,0.875,,20321120.0,0.0,1.0,0.88,29891.0,4.0,,,,,0.0,1.679,4627.6,,,,7650.0,,,,,1.826,,,,,,,,
14324760669,"Apr 29, 2025, 5:10:04 PM",29/04/2025 17:10,Evening Run,Run,,2196,5.08,164.0,46,FALSE,,HOKA Clifton 8 Blue Cliftons + 100km,activities/15285501806.fit.gz,,,2196.0,2193.0,5083.5,3.1,2.318,21.3,119.0,476.0,489.2,8.7,0.1,,,81.0,75.0,164.0,149.0,,,385.0,,,46.0,,,,,,,,,,,0.0,,0.0,,1.0,5138.7,1745945984.0,1.0,21.9,22.2,8.8,0.43,1020.7,2.3,6.1,75.0,0.0,1745899904.0,1745951744.0,0.125,,19580500.0,0.0,1.0,0.34,30385.0,0.0,,,,,0.0,2.315,4571.1,,,,5462.0,,,,,2.343,,,,,,,,
14339737890,"May 1, 2025, 5:27:01 AM",01/05/2025 05:27,Morning Run,Run,,2690,6.62,163.0,55,FALSE,,ASICS Gel Cumulus 26,activities/15301148124.fit.gz,,,2690.0,2690.0,6620.7,4.033,2.461,121.8,198.0,472.1,572.2,20.9,0.1,,,89.0,80.0,163.0,148.0,,,510.0,,,55.0,,,,,,,,,,,0.0,,0.0,,1.0,6938.3,1746075648.0,1.0,10.9,12.6,7.6,0.8,1021.3,0.5,1.2,159.0,0.0,1746072576.0,1746124672.0,0.125,,20321120.0,0.0,1.0,0.01,26281.0,0.0,,,,,0.0,2.461,5537.9,,,,7144.0,,,,,2.579,,,,,,,,
14357375436,"May 2, 2025, 6:00:45 PM",02/05/2025 18:00,Evening Run,Run,"Breaking in the new pair 

6x400m",2499,6.87,189.0,82,FALSE,,On Cloudsurfer Next,activities/15319635934.fit.gz,,,2499.0,2499.0,6874.2,4.64,2.751,32.6,0.0,453.6,456.8,5.1,0.0,,,89.0,80.0,189.0,161.0,,,523.0,,,82.0,,,,,,,,,,,0.0,,0.0,,1.0,6937.8,1746208768.0,2.0,23.0,23.3,12.6,0.52,1014.4,1.3,3.2,167.0,0.0,1746158848.0,1746211200.0,0.125,,23228568.0,0.0,1.0,0.62,29667.0,0.0,,,,,0.0,2.751,0.0,,,,6562.0,,,,,2.776,,,,,,,,media/8463d08b-df2c-4871-8099-91d99b41e4c9.jpg
14375606561,"May 4, 2025, 10:49:20 AM",04/05/2025 10:49,Lunch Run,Run,,4158,10.06,165.0,105,FALSE,,ASICS Gel Cumulus 26,activities/15338827301.fit.gz,,,4158.0,4110.0,10061.9,3.983,2.448,233.5,359.0,475.9,646.1,10.8,0.0,,,121.0,81.0,165.0,152.0,,,789.0,,,105.0,,,,,,,,,,,0.0,,0.0,,1.0,10684.2,1746352768.0,5.0,17.0,15.2,12.7,0.76,1008.5,3.0,8.6,306.0,2.2,1746331520.0,1746384128.0,0.125,,20321120.0,0.96,5.0,0.93,19247.0,3.0,,,,,0.0,2.42,5808.2,,,,11098.0,,,,,2.6,,,,,,,,
14387671812,"May 5, 2025, 5:53:08 PM",05/05/2025 17:53,Evening Run,Run,,2730,6.68,160.0,58,FALSE,,HOKA Clifton 8 Blue Cliftons + 100km,activities/15351545346.fit.gz,,,2730.0,2703.0,6681.5,3.33,2.472,21.4,159.0,476.5,483.9,9.7,0.1,,,83.0,79.0,160.0,148.0,,,498.0,,,58.0,,,,,,,,,,,0.0,,0.0,,1.0,6733.5,1746464384.0,5.0,7.4,3.1,4.9,0.84,1011.6,4.0,9.8,39.0,0.4,1746417792.0,1746470656.0,0.25,,19580500.0,0.98,5.0,0.99,8335.0,0.0,,,,,0.0,2.447,6296.0,,,,7100.0,,,,,2.491,,,,,,,,
14402962801,"May 7, 2025, 8:19:39 AM",07/05/2025 08:19,Morning Run,Run,,2550,7.15,188.0,80,FALSE,,On Cloudsurfer Next,activities/15367574567.fit.gz,,,2550.0,2479.0,7151.0,4.671,2.885,34.5,167.0,451.3,476.6,4.0,-0.1,,,91.0,82.0,188.0,159.0,,,533.0,,,80.0,,,,,,,,,,,0.0,,0.0,,1.0,7191.0,1746604800.0,3.0,10.0,7.2,5.2,0.72,1014.0,3.1,7.4,54.0,0.3,1746590464.0,1746643584.0,0.375,,23228568.0,0.62,5.0,0.91,17345.0,2.0,,,,,0.0,2.804,0.0,,,,6682.0,,,,,2.901,,,,,,,,
14443404132,"May 11, 2025, 7:39:50 AM",11/05/2025 07:39,Morning Run,Run,,3534,9.25,170.0,90,FALSE,,ASICS Gel Cumulus 26,activities/15410217413.fit.gz,,,3534.0,3519.0,9256.5,3.357,2.63,35.7,185.0,450.3,467.7,8.3,0.0,,,84.0,79.0,170.0,153.0,,,698.0,,,90.0,,,,,,,,,,,0.0,,0.0,,1.0,9303.9,1746946816.0,1.0,13.3,16.7,7.5,0.68,1014.8,0.9,3.0,54.0,0.0,1746935424.0,1746989184.0,0.375,,20321120.0,0.07,5.0,0.0,29590.0,2.0,,,,,0.0,2.619,3276.1,,,,9208.0,,,,,2.644,,,,,,,,
14490788473,"May 15, 2025, 4:45:17 PM",15/05/2025 16:45,Evening Run,Run,,2748,7.36,182.0,74,FALSE,,On Cloudsurfer Next,activities/15460399581.fit.gz,,,2748.0,2676.0,7368.9,4.3,2.754,36.6,0.0,453.5,457.9,5.7,0.0,,,86.0,81.0,182.0,156.0,,,549.0,,,74.0,,,,,,,,,,,0.0,,0.0,,1.0,7439.9,1747324800.0,2.0,18.9,16.9,5.0,0.4,1012.3,3.9,9.6,15.0,0.0,1747280896.0,1747335424.0,0.625,,23228568.0,0.13,5.0,0.59,27281.0,1.0,,,,,0.0,2.682,0.0,,,,7118.0,,,,,2.78,,,,,,,,
14509140526,"May 17, 2025, 12:48:12 PM",17/05/2025 12:48,Afternoon Run,Run,,6257,13.35,171.0,90,FALSE,,ASICS Gel Cumulus 26,activities/15480258696.fit.gz,,,6257.0,5961.0,13352.1,3.817,2.24,194.3,459.0,472.0,572.2,31.2,0.0,,,92.0,76.0,171.0,139.0,,,974.0,,,90.0,,,,,,,,,,,,,0.0,,1.0,13822.1,1747483136.0,2.0,18.0,18.3,3.5,0.38,1015.1,1.5,4.3,299.0,0.0,1747453568.0,1747508352.0,0.625,,20321120.0,0.08,5.0,0.56,29496.0,5.0,,,,,0.0,2.134,11111.3,,,,14748.0,,,,,2.319,,,,,,,,
14540235934,"May 20, 2025, 6:38:55 AM",20/05/2025 06:38,Morning Run,Run,,2080,5.08,153.0,33,FALSE,,HOKA Clifton 8 Blue Cliftons + 100km,activities/15514995433.fit.gz,,,2080.0,2040.0,5082.9,3.537,2.492,18.1,128.0,476.0,483.9,9.2,0.1,,,81.0,78.0,153.0,144.0,,,373.0,,,33.0,,,,,,,,,,,0.0,,0.0,,1.0,5124.0,1747720832.0,3.0,12.8,13.1,7.3,0.69,1015.7,0.7,3.8,35.0,0.0,1747712640.0,1747767680.0,0.625,,19580500.0,0.49,5.0,0.86,30415.0,1.0,,,,,0.0,2.444,4794.3,,,,5304.0,,,,,2.512,,,,,,,,
14566734238,"May 22, 2025, 6:35:42 PM",22/05/2025 18:35,Evening Run,Run,,4050,7.11,157.0,48,FALSE,,HOKA Clifton 8 Blue Cliftons + 100km,activities/15543360010.fit.gz,,,4050.0,2899.0,7117.9,3.467,2.455,30.7,199.0,456.0,480.2,7.9,0.0,,,82.0,79.0,157.0,144.0,,,510.0,,,48.0,,,,,,,,,,,0.0,,0.0,,1.0,7142.2,1747936768.0,5.0,12.2,11.7,8.8,0.8,1014.5,1.7,4.4,195.0,0.3,1747885312.0,1747940736.0,0.875,,19580500.0,0.97,5.0,0.89,16867.0,0.0,,,,,0.0,1.758,0.0,,,,7630.0,,,,,2.464,,,,,,,,
14578050891,"May 24, 2025, 7:30:05 AM",24/05/2025 07:30,Gamperney Berglauf,Run,,5088,8.82,203.0,245,FALSE,,ASICS Gel Cumulus 26,activities/15555605023.fit.gz,,,5088.0,5081.0,8827.6,3.743,1.737,981.2,25.0,454.9,1441.1,38.7,11.1,,,114.0,72.0,203.0,170.0,,,1097.0,,,245.0,,,,,,,,,,,0.0,,0.0,,1.0,14264.3,1748070016.0,2.0,10.5,12.7,6.4,0.76,1019.7,0.8,2.8,26.0,0.0,1748057856.0,1748113408.0,0.875,,20321120.0,0.24,5.0,0.44,21348.0,2.0,,,,,0.0,1.735,5024.6,,,,11534.0,,,,,2.807,,,,,,,,media/f92dead6-61c7-4f8a-8056-59f4dbf2800a.jpg
14632071763,"May 29, 2025, 2:06:57 PM",29/05/2025 14:06,Afternoon Run,Run,,3085,7.4,161.0,67,FALSE,,HOKA Clifton 8 Blue Cliftons + 100km,activities/15613715736.fit.gz,,,3085.0,2989.0,7400.5,5.067,2.476,123.7,248.0,472.0,572.2,31.3,0.0,,,111.0,80.0,161.0,150.0,,,567.0,,,67.0,,,,,,,,,,,0.0,,0.0,,1.0,7723.6,1748527232.0,3.0,20.4,19.4,10.2,0.52,1024.1,2.5,6.7,281.0,0.0,1748489728.0,1748545920.0,0.125,,19580500.0,0.66,5.0,0.84,31196.0,4.0,,,,,0.0,2.399,5373.5,,,,7870.0,,,,,2.584,,,,,,,,
14652502868,"May 31, 2025, 12:42:07 PM",31/05/2025 12:42,Afternoon Run,Run,,6073,14.2,164.0,152,FALSE,,ASICS Gel Cumulus 26,activities/15635688306.fit.gz,,,6073.0,5991.0,14204.7,3.814,2.371,328.1,539.0,476.0,703.0,17.2,0.0,,,107.0,78.0,164.0,152.0,,,1078.0,,,152.0,,,,,,,,,,,,,0.0,,1.0,15143.1,1748692736.0,1.0,28.3,30.2,14.2,0.42,1018.8,1.5,4.8,258.0,0.0,1748662400.0,1748718848.0,0.125,,20321120.0,0.0,1.0,0.14,30138.0,8.0,,,,,0.0,2.339,10387.3,,,,15426.0,,,,,2.528,,,,,,,,
14712067627,"Jun 6, 2025, 8:02:11 AM",06/06/2025 08:02,Morning Run,Run,,4723,10.03,161.0,58,FALSE,,ASICS Gel Cumulus 26,activities/15699745386.fit.gz,,,4723.0,4214.0,10030.0,3.7,2.38,230.1,375.0,475.9,646.1,12.6,0.1,,,99.0,79.0,161.0,142.0,,,742.0,,,58.0,,,,,,,,,,,,,0.0,,1.0,10676.4,1749196800.0,2.0,19.9,18.9,13.8,0.68,1015.6,4.3,10.2,245.0,0.0,1749180672.0,1749237504.0,0.375,,20321120.0,0.45,5.0,0.44,28682.0,4.0,,,,,0.0,2.124,5880.0,,,,11112.0,,,,,2.534,,,,,,,,
14769582098,"Jun 11, 2025, 6:42:34 PM",11/06/2025 18:42,Evening Run,Run,,2235,5.58,161.0,45,FALSE,,HOKA Clifton 8 Blue Cliftons + 100km,activities/15761863776.fit.gz,,,2235.0,2208.0,5583.0,3.575,2.529,29.5,163.0,476.9,492.1,7.4,0.0,,,93.0,78.0,161.0,147.0,,0.0,415.0,,,45.0,,,,,,,,,,,0.0,,0.0,,1.0,5632.1,1749664768.0,1.0,23.2,24.2,14.0,0.56,1016.3,2.3,6.3,66.0,0.0,1749612544.0,1749669760.0,0.375,,19580500.0,0.0,1.0,0.0,28950.0,0.0,,,,,0.0,2.498,1830.7,,,,5740.0,,,,,2.551,,,,,,,,
14790146400,"Jun 13, 2025, 6:51:41 PM",13/06/2025 18:51,Hasli Night Run,Run,,3518,10.03,181.0,120,FALSE,,On Cloudsurfer Next,activities/15784096117.fit.gz,,,3518.0,3485.0,10038.2,5.28,2.88,117.2,171.0,417.8,478.3,10.9,0.0,,,85.0,78.0,181.0,165.0,,,751.0,,,120.0,,,,,,,,,,,0.0,,0.0,,1.0,10254.0,1749837568.0,2.0,28.6,29.5,18.4,0.54,1017.6,1.7,5.0,80.0,0.0,1749785344.0,1749842688.0,0.625,,23228568.0,0.0,1.0,0.57,28120.0,0.0,,,,,0.0,2.853,5800.8,,,,9102.0,,,,,2.942,,,,,,,,media/c0d0432f-c2e1-4f1d-a9f4-671efde27c30.jpg
14831066824,"Jun 17, 2025, 5:41:33 PM",17/06/2025 17:41,Evening Run,Run,,2727,7.04,158.0,43,FALSE,,ASICS Gel Cumulus 26,activities/15828397708.fit.gz,,,2727.0,2727.0,7043.5,4.58,2.583,21.7,202.0,476.0,483.9,8.6,0.0,,,87.0,78.0,158.0,147.0,,,510.0,,,43.0,,,,,,,,,,,,,0.0,,1.0,7087.7,1750179584.0,1.0,25.1,25.8,12.7,0.46,1021.5,3.5,8.1,62.0,0.0,1750130944.0,1750188288.0,0.625,,20321120.0,0.0,1.0,0.04,29642.0,1.0,,,,,0.0,2.583,6485.9,,,,7066.0,,,,,2.599,,,,,,,,
14852860653,"Jun 19, 2025, 5:27:02 PM",19/06/2025 17:27,Evening Run,Run,,4123,9.68,158.0,64,FALSE,,ASICS Gel Cumulus 26,activities/15851936330.fit.gz,,,4123.0,4105.0,9681.5,3.809,2.358,225.9,383.0,476.9,646.1,11.1,0.0,,,108.0,80.0,158.0,148.0,,,747.0,,,64.0,,,,,,,,,,,,,0.0,,1.0,10295.0,1750352384.0,1.0,28.4,29.6,13.5,0.4,1019.7,2.9,7.1,54.0,0.0,1750303744.0,1750361216.0,0.75,,20321120.0,0.0,1.0,0.06,30766.0,1.0,,,,,0.0,2.348,5449.0,,,,10904.0,,,,,2.508,,,,,,,,
14883239843,"Jun 22, 2025, 3:48:51 PM",22/06/2025 15:48,Afternoon Run,Run,,4124,9.86,162.0,81,FALSE,,ASICS Gel Cumulus 26,activities/15884989772.fit.gz,,,4124.0,4097.0,9868.1,3.544,2.409,230.2,357.0,476.9,648.7,10.6,0.0,,,105.0,80.0,162.0,151.0,,,778.0,,,81.0,,,,,,,,,,,,,0.0,,1.0,10490.9,1750604416.0,1.0,32.2,33.6,11.4,0.28,1016.5,3.1,7.6,234.0,0.0,1750562944.0,1750620416.0,0.875,,20321120.0,0.0,1.0,0.01,27918.0,4.0,,,,,0.0,2.393,5750.0,,,,10810.0,,,,,2.561,,,,,,,,
14901968830,"Jun 24, 2025, 2:50:51 PM",24/06/2025 14:50,Afternoon Run,Run,,2421,6.84,177.0,51,FALSE,,On Cloudsurfer Next,activities/15905378518.fit.gz,,,2421.0,2368.0,6847.6,4.363,2.892,4.1,69.0,415.7,418.4,4.2,0.0,,,89.0,81.0,177.0,155.0,,,496.0,,,51.0,,,,,,,,,,,0.0,,0.0,,1.0,6892.9,1750773632.0,1.0,28.5,29.9,14.4,0.42,1015.7,2.9,7.5,275.0,0.0,1750735872.0,1750793216.0,0.875,,23228568.0,0.0,1.0,0.09,28625.0,6.0,,,,,0.0,2.828,6847.6,,,,6364.0,,,,,2.911,,,,,,,,
14935108734,"Jun 27, 2025, 6:41:08 PM",27/06/2025 18:41,Evening Run,Run,,3236,7.72,156.0,27,FALSE,,HOKA Clifton 8 Blue Cliftons + 100km,activities/15941347652.fit.gz,,,3236.0,3174.0,7723.2,4.583,2.433,129.2,286.0,472.0,572.2,21.2,0.0,,,86.0,78.0,156.0,141.0,,,566.0,,,27.0,,,,,,,,,,,0.0,,0.0,,1.0,8060.1,1751047168.0,1.0,26.6,27.5,16.2,0.53,1023.3,2.4,6.3,290.0,0.0,1750995072.0,1751052416.0,0.125,,19580500.0,0.09,5.0,0.17,28524.0,0.0,,,,,0.0,2.387,5409.1,,,,8204.0,,,,,2.539,,,,,,,,
14956705074,"Jun 29, 2025, 6:35:20 PM",29/06/2025 18:35,Evening Run,Run,,5218,12.46,184.0,61,FALSE,,ASICS Gel Cumulus 26,activities/15965068214.fit.gz,,,5218.0,5101.0,12467.3,3.686,2.444,298.5,491.0,476.9,703.4,16.7,0.0,,,101.0,76.0,184.0,145.0,,,913.0,,,61.0,,,,,,,,,,,,,0.0,,1.0,13312.6,1751219968.0,1.0,31.5,32.4,14.6,0.36,1018.8,2.0,6.2,86.0,0.0,1751168000.0,1751225216.0,0.125,,20321120.0,0.0,1.0,0.22,30094.0,0.0,,,,,0.0,2.389,8232.2,,,,13024.0,,,,,2.61,,,,,,,,
14997217224,"Jul 3, 2025, 5:27:51 PM",03/07/2025 17:27,Evening Run,Run,,3196,7.78,156.0,28,FALSE,,HOKA Clifton 8 Blue Cliftons + 100km,activities/16009656444.fit.gz,,,3196.0,3140.0,7787.5,4.563,2.48,133.8,258.0,472.0,572.2,23.0,0.0,,,117.0,79.0,156.0,140.0,,,557.0,,,28.0,,,,,,,,,,,0.0,,0.0,,1.0,8140.0,1751561984.0,2.0,25.5,27.1,18.7,0.66,1022.1,1.3,5.9,8.0,0.7,1751513728.0,1751570688.0,0.25,,19580500.0,0.51,5.0,0.48,18809.0,1.0,,,,,0.0,2.437,5388.2,,,,8230.0,,,,,2.592,,,,,,,,
15008237270,"Jul 4, 2025, 6:45:57 PM",04/07/2025 18:45,Evening Run,Run,,3747,9.15,162.0,46,FALSE,,ASICS Gel Cumulus 26,activities/16021841455.fit.gz,,,3747.0,3707.0,9154.4,4.714,2.469,148.4,418.0,402.7,534.1,39.5,-0.1,,,112.0,78.0,162.0,144.0,,,694.0,,,46.0,,,,,,,,,,,,,0.0,,1.0,9624.1,1751651968.0,1.0,25.9,27.0,15.3,0.52,1021.2,1.9,5.3,74.0,0.0,1751600128.0,1751657088.0,0.375,,20321120.0,0.65,5.0,0.18,26775.0,0.0,,,,,0.0,2.443,1085.6,,,,9578.0,,,,,2.596,,,,,,,,
15027943055,"Jul 6, 2025, 3:52:34 PM",06/07/2025 15:52,Afternoon Run,Run,,5248,13.06,157.0,50,FALSE,,HOKA Clifton 8 Blue Cliftons + 100km,activities/16043654863.fit.gz,,,5248.0,5099.0,13060.0,3.667,2.561,193.4,399.0,472.0,572.2,21.9,0.0,,,104.0,80.0,157.0,142.0,,,923.0,,,50.0,,,,,,,,,,,0.0,,0.0,,1.0,13535.5,1751814016.0,3.0,22.6,20.2,11.0,0.48,1009.8,4.0,9.4,267.0,0.2,1751773056.0,1751829888.0,0.375,,19580500.0,0.67,5.0,0.99,26800.0,3.0,,,,,0.0,2.489,11060.5,,,,13468.0,,,,,2.655,,,,,,,,
15061875186,"Jul 9, 2025, 4:33:38 PM",09/07/2025 16:33,Evening Run,Run,,2588,6.74,178.0,56,FALSE,,On Cloudsurfer Next,activities/16080747672.fit.gz,,,2588.0,2333.0,6745.6,4.96,2.891,24.2,0.0,452.3,457.3,5.6,0.0,,,91.0,83.0,178.0,155.0,,,489.0,,,56.0,,,,,,,,,,,0.0,,0.0,,1.0,6806.5,1752076800.0,2.0,20.7,21.0,8.3,0.45,1021.1,1.6,4.6,338.0,0.0,1752032384.0,1752088960.0,0.375,,23228568.0,0.26,5.0,0.62,28056.0,2.0,,,,,0.0,2.606,0.0,,,,6386.0,,,,,2.917,,,,,,,,
15130877600,"Jul 16, 2025, 6:44:55 AM",16/07/2025 06:44,Morning Run,Run,,8782,17.23,164.0,100,FALSE,,HOKA Clifton 8 Blue Cliftons + 100km,activities/16156545790.fit.gz,,,8782.0,7491.0,17230.0,3.971,2.3,545.4,759.0,405.2,854.1,41.3,-0.3,,,112.0,77.0,164.0,145.0,,,1286.0,,,100.0,,,,,,,,,,,0.0,,0.0,,1.0,19815.4,1752645632.0,3.0,16.7,16.4,12.6,0.77,1019.5,1.5,3.5,222.0,0.0,1752637568.0,1752693504.0,0.625,,19580500.0,0.57,5.0,0.96,25612.0,1.0,,,,,0.0,1.962,10928.4,,,,18994.0,,,,,2.645,,,,,,,,
15157747988,"Jul 18, 2025, 5:16:25 PM",18/07/2025 17:16,Evening Run,Run,,4128,9.67,168.0,69,FALSE,,ASICS Gel Cumulus 26,activities/16185936196.fit.gz,,,4128.0,4055.0,9676.1,4.02,2.386,226.1,384.0,476.9,645.8,10.0,0.0,,,102.0,79.0,168.0,149.0,,,755.0,,,69.0,,,,,,,,,,,,,0.0,,1.0,10301.8,1752857984.0,1.0,26.8,28.9,13.9,0.45,1011.8,1.2,4.3,143.0,0.0,1752810496.0,1752866176.0,0.75,,20321120.0,0.0,1.0,0.06,29490.0,1.0,,,,,0.0,2.344,5475.0,,,,10606.0,,,,,2.541,,,,,,,,
15187421823,"Jul 21, 2025, 12:44:59 PM",21/07/2025 12:44,Afternoon Run,Run,,7227,15.32,174.0,155,FALSE,,HOKA Speedgoat 6,activities/16218620074.fit.gz,,,7227.0,6164.0,15322.6,4.5,2.486,488.1,712.0,466.4,654.6,42.9,0.0,,,103.0,77.0,174.0,157.0,,,1181.0,,,155.0,,,,,,,,,,,0.0,,0.0,,1.0,17037.0,1753099264.0,1.0,21.7,23.2,14.8,0.65,1008.8,1.8,4.5,198.0,0.0,1753069824.0,1753125248.0,0.875,,24791808.0,0.96,5.0,0.34,23165.0,6.0,,,,,0.0,2.12,13732.9,,,,15736.0,0.0,,,,2.764,,,,,,,,media/29b1b75c-c954-4fd0-911c-c4bc1b2446a7.mp4|media/24289538-a7cc-4d56-bef2-dd7d83bcc127.jpg|media/96c906c3-7584-41ce-8824-a62edb9743f2.jpg
15208487485,"Jul 23, 2025, 10:28:07 AM",23/07/2025 10:28,Lunch Run,Run,,2957,7.41,165.0,54,FALSE,,ASICS Gel Cumulus 26,activities/16241323237.fit.gz,,,2957.0,2929.0,7410.5,4.1,2.53,127.2,249.0,466.9,571.9,26.4,0.0,,,97.0,80.0,165.0,150.0,,,578.0,,,54.0,,,,,,,,,,,,,0.0,,1.0,7747.2,1753264768.0,1.0,22.1,23.7,13.5,0.58,1014.5,1.6,5.2,264.0,0.0,1753242752.0,1753297792.0,0.875,,20321120.0,0.24,5.0,0.3,28979.0,6.0,,,,,,2.506,5755.6,,,,7848.0,0.0,,,,2.645,,,,,,,,
15254355457,"Jul 27, 2025, 1:42:57 PM",27/07/2025 13:42,Afternoon Run,Run,,3709,8.78,166.0,74,FALSE,,HOKA Speedgoat 6,activities/16290401699.fit.gz,,,3709.0,3668.0,8784.9,4.333,2.395,305.9,438.0,466.8,653.6,19.2,0.5,,,113.0,75.0,166.0,151.0,,,710.0,,,74.0,,,,,,,,,,,0.0,,0.0,,1.0,9858.0,1753621248.0,3.0,20.7,19.9,15.3,0.71,1013.8,2.7,6.6,257.0,0.1,1753588736.0,1753643136.0,0.125,,24791808.0,0.91,5.0,0.88,17444.0,4.0,,,,,,2.369,8013.1,,,,9210.0,0.0,,,,2.688,,,,,,,,
15309556562,"Aug 1, 2025, 2:28:19 PM",01/08/2025 14:28,Afternoon Run,Run,,2919,7.17,153.0,26,FALSE,,HOKA Clifton 8 Blue Cliftons + 100km,activities/16349363640.fit.gz,,,2919.0,2854.0,7171.2,3.857,2.513,124.7,259.0,472.1,571.9,27.5,0.0,,,92.0,79.0,153.0,141.0,,,523.0,,,26.0,,,,,,,,,,,0.0,,0.0,,1.0,7503.0,1754056832.0,1.0,21.8,22.4,15.6,0.68,1012.9,2.9,9.2,269.0,1.5,1754020992.0,1754074752.0,0.125,,19580500.0,0.9,5.0,0.36,19848.0,5.0,,,,,,2.457,5395.5,,,,7452.0,0.0,,,,2.629,,,,,,,,
15330453407,"Aug 3, 2025, 11:16:04 AM",03/08/2025 11:16,Afternoon Run,Run,,7167,16.11,175.0,166,FALSE,,HOKA Speedgoat 6,activities/16371763460.fit.gz,,,7167.0,6682.0,16112.9,4.387,2.411,498.3,730.0,466.4,654.6,44.0,0.0,,,107.0,76.0,175.0,156.0,,,1283.0,,,166.0,,,,,,,,,,,0.0,,0.0,,1.0,17860.5,1754218752.0,3.0,19.0,19.2,12.7,0.67,1020.5,1.3,4.0,281.0,0.0,1754194048.0,1754247424.0,0.375,,24791808.0,0.37,5.0,0.86,29516.0,4.0,,,,,,2.248,14993.2,,,,16896.0,0.0,,,,2.673,,,,,,,,media/4335b454-1b84-4100-a206-d58bca9bff2c.jpg|media/94c95148-bb8a-4dd2-b498-a8e790918c2c.jpg
15369016659,"Aug 6, 2025, 6:53:48 PM",06/08/2025 18:53,Evening Run,Run,,2226,5.17,154.0,19,FALSE,,HOKA Clifton 8 Blue Cliftons + 100km,activities/16412933026.fit.gz,,,2226.0,2226.0,5172.6,4.229,2.324,125.4,236.0,463.1,536.1,24.7,0.1,,,88.0,74.0,154.0,142.0,,,403.0,,,19.0,,,,,,,,,,,0.0,,0.0,,1.0,5604.6,1754503168.0,1.0,20.9,20.8,13.4,0.62,1020.3,2.4,6.4,44.0,0.0,1754453504.0,1754506368.0,0.375,,19580500.0,0.06,5.0,0.36,28366.0,0.0,,,,,,2.324,3033.0,,,,5470.0,0.0,,,,2.518,,,,,,,,
15397524261,"Aug 9, 2025, 7:10:06 AM",09/08/2025 07:10,T24 - Madrisa Run,Run,,12403,23.34,178.0,365,FALSE,,HOKA Speedgoat 6,activities/16443425879.fit.gz,,,12403.0,12011.0,23346.2,4.333,1.944,1165.7,1598.0,975.7,1571.2,42.3,0.0,,,115.0,67.0,178.0,162.0,,,2347.0,,,365.0,,,,,,,,,,,0.0,,0.0,,1.0,29679.8,1754722816.0,1.0,20.3,23.7,13.1,0.63,1024.2,0.5,1.9,102.0,0.0,1754712576.0,1754764800.0,0.5,,24791808.0,0.0,1.0,0.0,29781.0,2.0,,,,,,1.882,11129.5,,,,26962.0,0.0,,,,2.471,,,,,,,,media/d36b0315-1dda-4549-b882-f68165b2eeee.mp4|media/d39b147e-e5d3-401c-a8a2-e796c8ac86b8.jpg
15458010053,"Aug 14, 2025, 3:19:38 PM",14/08/2025 15:19,Afternoon Run,Run,,3491,7.88,158.0,45,FALSE,,HOKA Clifton 8 Blue Cliftons + 100km,activities/16508080115.fit.gz,,,3491.0,3346.0,7886.3,3.857,2.357,154.1,295.0,466.9,571.9,31.6,0.1,,,107.0,76.0,158.0,146.0,,,616.0,,,45.0,,,,,,,,,,,0.0,,0.0,,1.0,8344.9,1755183616.0,2.0,31.1,32.2,16.3,0.41,1016.6,2.1,5.8,54.0,0.0,1755145216.0,1755196800.0,0.625,,19580500.0,0.0,1.0,0.45,30402.0,3.0,,,,,,2.259,5942.1,,,,8360.0,0.0,,,,2.494,,,,,,,,
15487885978,"Aug 16, 2025, 6:04:25 AM",16/08/2025 06:04,Morning Run,Run,,5250,11.98,157.0,68,FALSE,,HOKA Speedgoat 6,activities/16540097936.fit.gz,,,5250.0,5130.0,11979.1,4.3,2.335,347.0,552.0,466.8,654.6,19.8,0.0,,,100.0,72.0,157.0,145.0,,,914.0,,,68.0,,,,,,,,,,,0.0,,0.0,,1.0,13102.3,1755324032.0,1.0,19.9,23.0,17.3,0.85,1020.3,0.7,2.5,332.0,0.0,1755318272.0,1755369344.0,0.75,,24791808.0,0.54,5.0,0.03,22554.0,1.0,,,,,,2.282,10525.4,,,,12224.0,0.0,,,,2.554,,,,,,,,
15511627737,"Aug 19, 2025, 11:21:41 AM",19/08/2025 11:21,Afternoon Run,Run,,2584,6.75,181.0,63,FALSE,,On Cloudsurfer Next,activities/16565438820.fit.gz,,,2584.0,2408.0,6756.2,4.48,2.806,34.8,23.0,415.7,419.4,6.2,0.0,,,93.0,83.0,181.0,158.0,,,509.0,,,63.0,,,,,,,,,,,0.0,,0.0,,1.0,6813.4,1755601152.0,1.0,27.0,29.3,16.9,0.54,1013.0,1.0,4.0,306.0,0.0,1755577728.0,1755628288.0,0.875,,23228568.0,0.12,5.0,0.22,26738.0,7.0,,,,,,2.615,6756.2,,,,6586.0,0.0,,,,2.829,,,0.0,,,,,
15549828254,"Aug 22, 2025, 5:47:33 PM",22/08/2025 17:47,Evening Run,Run,,2207,5.58,155.0,32,FALSE,,ASICS Gel Cumulus 26,activities/16607040898.fit.gz,,,2207.0,2163.0,5585.1,3.457,2.582,20.5,174.0,471.5,485.5,6.8,-0.1,,,90.0,81.0,155.0,146.0,,,416.0,,,32.0,,,,,,,,,,,,,0.0,,1.0,5604.8,1755881984.0,2.0,20.3,20.8,13.5,0.65,1015.8,1.8,5.4,311.0,0.0,1755837056.0,1755887104.0,0.875,,20321120.0,0.76,5.0,0.52,20385.0,0.0,,,,,,2.531,3717.9,,,,5820.0,0.0,,,,2.591,,,,,,,,
15568381967,"Aug 24, 2025, 9:10:56 AM",24/08/2025 09:10,Lunch Run,Run,,7534,17.06,161.0,116,FALSE,,HOKA Speedgoat 6,activities/16627621644.fit.gz,,,7534.0,7238.0,17064.2,4.633,2.358,547.6,884.0,466.5,654.6,40.8,0.0,,,107.0,74.0,161.0,148.0,,,1288.0,,,116.0,,,,,,,,,,,0.0,,0.0,,1.0,19118.0,1756025984.0,1.0,17.9,20.2,11.9,0.68,1019.1,1.7,4.5,29.0,0.0,1756010112.0,1756059648.0,0.125,,24791808.0,0.0,1.0,0.13,29340.0,4.0,,,,,,2.265,15414.2,,,,17700.0,0.0,,,,2.641,,,0.0,,,,,media/1314f8dd-3de0-43ad-b3aa-ca377f8cf448.jpg|media/97b9e097-8559-43e3-9078-43e0c1e53b33.jpg
15593390212,"Aug 26, 2025, 2:13:11 PM",26/08/2025 14:13,Afternoon Run,Run,,2490,6.73,183.0,56,FALSE,,On Cloudsurfer Next,activities/16654535815.fit.gz,,,2490.0,2300.0,6733.7,4.88,2.928,35.8,0.0,415.5,418.1,9.1,0.0,,,89.0,83.0,183.0,158.0,,,492.0,,,56.0,,,,,,,,,,,0.0,,0.0,,1.0,6793.3,1756216832.0,3.0,27.4,27.5,14.4,0.45,1012.7,2.2,6.1,242.0,0.0,1756183040.0,1756232192.0,0.125,,23228568.0,0.0,1.0,0.71,27954.0,3.0,,,,,,2.704,6734.9,,,,6298.0,0.0,,,,2.954,,,0.0,,,,,
15651386870,"Aug 30, 2025, 9:46:56 AM",30/08/2025 09:46,Lunch Run,Run,,3428,7.77,159.0,41,FALSE,,ASICS Gel Cumulus 26,activities/16717266406.fit.gz,,,3428.0,3117.0,7771.9,5.3,2.493,131.2,312.0,472.0,571.9,19.1,0.0,,,87.0,78.0,159.0,145.0,,,579.0,,,41.0,,,,,,,,,,,,,0.0,,1.0,8100.8,1756544384.0,2.0,16.2,15.6,11.9,0.76,1012.4,2.9,7.5,257.0,0.1,1756528896.0,1756577408.0,0.125,,20321120.0,0.61,5.0,0.58,27940.0,3.0,,,,,,2.267,5407.6,,,,8032.0,0.0,,,,2.599,,,,,,,,
15673023739,"Sep 2, 2025, 3:44:51 PM",02/09/2025 15:44,Afternoon Run,Run,,2924,6.94,159.0,39,FALSE,,ASICS Gel Cumulus 26,activities/16741225545.fit.gz,,,2924.0,2586.0,6942.2,5.8,2.685,48.7,262.0,438.0,476.5,27.8,0.0,,,89.0,81.0,159.0,146.0,,,504.0,,,39.0,,,,,,,,,,,,,0.0,,1.0,7033.7,1756825363.0,1.0,19.9,21.6,13.2,0.65,1012.7,1.7,4.8,244.0,0.0,1756788388.0,1756836243.0,0.375,,20321121.0,0.7,5.0,0.29,20663.7,2.0,,,,,,2.374,772.0,,,,6968.0,0.0,,,,2.72,,,,,,,,
15685158770,"Sep 3, 2025, 1:27:05 PM",03/09/2025 13:27,Afternoon Run,Run,,7746,14.9,159.0,68,FALSE,,HOKA Speedgoat 6,activities/16754758334.fit.gz,,,7746.0,6541.0,14904.8,4.5,2.279,494.5,818.0,468.9,654.6,38.2,0.0,,,100.0,74.0,159.0,143.0,,,1125.0,,,68.0,,,,,,,,,,,0.0,,0.0,,1.0,16823.0,1756904400.0,1.0,23.3,25.7,12.9,0.52,1013.8,1.5,4.4,213.0,0.0,1756874855.0,1756922517.0,0.375,,24791808.0,0.0,1.0,0.03,32446.0,6.0,,,,,,1.924,13884.7,,,,16052.0,0.0,,,,2.572,,,0.0,,,,,
15742579611,"Sep 8, 2025, 4:35:20 PM",08/09/2025 16:35,Evening Run,Run,,3330,7.61,152.0,24,FALSE,,ASICS Gel Cumulus 26,activities/16815878675.fit.gz,,,3330.0,3160.0,7612.9,3.717,2.409,130.8,245.0,472.0,571.9,19.5,0.0,,,92.0,78.0,152.0,139.0,,,542.0,,,24.0,,,,,,,,,,,,,0.0,,1.0,7949.0,1757347200.0,3.0,20.5,20.9,16.9,0.8,1015.9,1.2,4.1,38.0,0.5,1757307255.0,1757353925.0,0.5,,20321121.0,0.47,5.0,0.98,24440.0,1.0,,,,,,2.286,5460.3,,,,8126.0,0.0,,,,2.516,,,,,,,,
15778356903,"Sep 11, 2025, 5:47:48 PM",11/09/2025 17:47,Evening Run,Run,,2188,6.17,172.0,48,FALSE,,On Cloudsurfer Next,activities/16853612108.fit.gz,,,2188.0,2121.0,6169.5,4.443,2.909,62.1,206.0,447.4,491.2,8.9,0.0,,,84.0,82.0,172.0,155.0,,,455.0,,,48.0,,,,,,,,,,,0.0,,0.0,,1.0,6248.4,1757610000.0,1.0,17.7,17.4,10.5,0.63,1015.2,2.3,6.6,246.0,0.0,1757566692.0,1757612766.0,0.625,,23228567.0,0.48,5.0,0.23,31793.0,0.0,,,,,,2.82,154.7,,,,5760.0,0.0,,,,2.946,,,0.0,,,,,
15808891010,"Sep 14, 2025, 12:25:18 PM",14/09/2025 12:25,Afternoon Run,Run,,2477,6.52,163.0,55,FALSE,,ASICS Gel Cumulus 26,activities/16885850041.fit.gz,,,2477.0,2477.0,6528.5,3.729,2.636,43.6,169.0,476.2,489.2,8.9,0.0,,,97.0,81.0,163.0,153.0,,,499.0,,,55.0,,,,,,,,,,,,,0.0,,1.0,6619.1,1757851200.0,2.0,20.4,20.0,12.6,0.61,1018.9,3.4,8.4,266.0,0.0,1757826136.0,1757871606.0,0.625,,20321121.0,0.92,5.0,0.46,24393.0,5.0,,,,,,2.636,5855.5,,,,6680.0,0.0,,,,2.672,,,,,,,,
15829158541,"Sep 16, 2025, 8:29:33 AM",16/09/2025 08:29,Morning Run,Run,,2903,7.05,158.0,40,FALSE,,ASICS Gel Cumulus 26,activities/16906936986.fit.gz,,,2903.0,2789.0,7053.1,4.54,2.529,126.1,266.0,466.9,572.0,22.3,0.0,,,115.0,78.0,158.0,146.0,,,525.0,,,40.0,,,,,,,,,,,,,0.0,,1.0,7401.2,1758009600.0,2.0,14.5,13.1,9.9,0.74,1024.0,3.5,8.1,266.0,0.0,1757999093.0,1758044160.0,0.875,,20321121.0,0.42,5.0,0.54,26087.0,2.0,,,,,,2.43,5480.1,,,,7196.0,0.0,,,,2.654,,,,,,,,
15924200194,"Sep 24, 2025, 5:27:14 PM",24/09/2025 17:27,Evening Run,Run,,2014,5.04,155.0,19,FALSE,,ASICS Gel Cumulus 26,activities/17004457636.fit.gz,,,2014.0,1981.0,5040.9,5.083,2.545,36.5,212.0,452.1,483.5,9.2,0.1,,,83.0,79.0,155.0,141.0,,,356.0,,,19.0,,,,,,,,,,,,,0.0,,1.0,5103.2,1758733200.0,5.0,11.7,11.7,10.0,0.89,1016.7,1.6,3.7,327.0,0.7,1758690930.0,1758734367.0,0.125,,20321121.0,0.92,5.0,0.99,7564.0,0.0,,,,,,2.503,1174.7,,,,5214.0,0.0,,,,2.576,,,,,,,,
15939120932,"Sep 26, 2025, 4:56:35 AM",26/09/2025 04:56,Morning Run with small dog,Run,,3096,5.08,189.0,50,FALSE,,ASICS Gel Cumulus 26,activities/17019707039.fit.gz,,,3096.0,2730.0,5087.8,3.54,1.864,135.0,186.0,476.0,608.7,26.5,1.7,,,103.0,74.0,189.0,149.0,,,517.0,,,50.0,,,,,,,,,,,0.0,,0.0,,1.0,5570.6,1758859200.0,3.0,8.1,9.1,7.7,0.97,1019.3,0.9,2.3,6.0,0.0,1758863897.0,1758906926.0,0.125,,20321121.0,0.82,5.0,0.98,19721.0,0.0,,,,,,1.643,4650.8,,,,6554.0,0.0,,,,2.041,,,0.0,,,,,media/1457b640-dbb4-4912-8590-586a19234ae4.mp4
15967669995,"Sep 28, 2025, 3:35:57 PM",28/09/2025 15:35,Afternoon Run,Run,,2771,6.41,162.0,30,FALSE,,ASICS Gel Cumulus 26,activities/17048941574.fit.gz,,,2771.0,2456.0,6413.4,4.04,2.611,10.0,177.0,440.7,480.0,7.0,-0.5,,,89.0,81.0,162.0,143.0,,,456.0,,,30.0,,,,,,,,,,,,,0.0,,1.0,6369.1,1759071600.0,3.0,16.4,15.8,10.5,0.68,1018.7,2.6,6.5,42.0,0.0,1759036863.0,1759079484.0,0.125,,20321121.0,0.0,1.0,0.66,32237.0,1.0,,,,,,2.314,1312.6,,,,6570.0,0.0,,,,2.593,,,,,,,,
15988993860,"Sep 30, 2025, 4:15:14 PM",30/09/2025 16:15,Evening Run Hill Reps,Run,,2720,5.49,183.0,44,FALSE,,On Cloudsurfer Next,activities/17070603408.fit.gz,,,2720.0,2683.0,5496.4,5.02,2.049,149.6,307.0,463.1,516.2,18.7,0.0,,,110.0,73.0,183.0,149.0,,,519.0,,,44.0,,,,,,,,,,,0.0,,0.0,,1.0,6097.1,1759248000.0,3.0,14.5,14.1,10.4,0.76,1022.7,1.6,4.1,33.0,0.2,1759209832.0,1759252046.0,0.25,,23228567.0,0.48,5.0,0.98,15544.0,0.0,,,,,,2.021,3222.4,,,,6390.0,0.0,,,,2.272,,,0.0,,,,,
16000149048,"Oct 1, 2025, 3:48:00 PM",01/10/2025 15:48,Afternoon Run,Run,,1995,5.12,161,34,FALSE,,ASICS Gel Cumulus 26,activities/17081893996.fit.gz,,,1995,1995,5124.9,3.245,2.569,14.9,124,476,483.7,8.8,0.1,,,85,81,161,149,,,401,,,34,,,,,,,,,,,,,0,,1,5164.1,1759330800,1,14.6,13.5,6.2,0.57,1026.1,3.5,8.2,51,0,1759296316,1759338327,0.375,,20321121,0.23,5,0.32,30796,1,,,,,,2.569,4787.6,,,,5356,0,,,,2.589,,,,,,,,
